/*
 Navicat Premium Data Transfer

 Source Server         : carsystem
 Source Server Type    : MySQL
 Source Server Version : 80022 (8.0.22)
 Source Host           : localhost:3306
 Source Schema         : carsystem

 Target Server Type    : MySQL
 Target Server Version : 80022 (8.0.22)
 File Encoding         : 65001

 Date: 08/03/2023 17:05:45
*/

SET NAMES utf8mb4;
SET FOREIGN_KEY_CHECKS = 0;

-- ----------------------------
-- Table structure for children
-- ----------------------------
DROP TABLE IF EXISTS `children`;
CREATE TABLE `children`  (
  `id` int NOT NULL AUTO_INCREMENT,
  `label` varchar(40) CHARACTER SET utf8 COLLATE utf8_general_ci NULL DEFAULT NULL,
  `key` varchar(40) CHARACTER SET utf8 COLLATE utf8_general_ci NULL DEFAULT NULL,
  `grade` int NULL DEFAULT NULL,
  `pagepermission` int NULL DEFAULT NULL,
  `rightId` int NULL DEFAULT NULL,
  `routepermission` int NULL DEFAULT NULL,
  PRIMARY KEY (`id`) USING BTREE
) ENGINE = InnoDB AUTO_INCREMENT = 1024 CHARACTER SET = utf8 COLLATE = utf8_general_ci ROW_FORMAT = Dynamic;

-- ----------------------------
-- Records of children
-- ----------------------------
INSERT INTO `children` VALUES (3, '添加用户', '/user/add', 2, NULL, 2, NULL);
INSERT INTO `children` VALUES (4, '删除用户', '/user/delete', 2, NULL, 2, NULL);
INSERT INTO `children` VALUES (5, '修改用户', '/user/update', 2, NULL, 2, NULL);
INSERT INTO `children` VALUES (6, '拉黑用户', '/user/block', 2, NULL, 2, NULL);
INSERT INTO `children` VALUES (7, '用户列表', '/user/list', 2, 1, 2, NULL);
INSERT INTO `children` VALUES (9, '汽车列表', '/car/list', 2, 1, 7, NULL);
INSERT INTO `children` VALUES (10, '汽车添加', '/car/add', 2, NULL, 7, NULL);
INSERT INTO `children` VALUES (11, '汽车修改', '/car/update', 2, NULL, 7, NULL);
INSERT INTO `children` VALUES (12, '汽车删除', '/car/delete', 2, NULL, 7, NULL);
INSERT INTO `children` VALUES (13, '汽车租车', '/car/rental', 2, NULL, 7, NULL);
INSERT INTO `children` VALUES (14, '汽车细节', '/car/detail/:id', 2, NULL, 7, 1);
INSERT INTO `children` VALUES (16, '租赁状态', '/rental/list', 2, 1, 14, NULL);
INSERT INTO `children` VALUES (17, '租赁审核', '/rental/check', 2, NULL, 14, NULL);
INSERT INTO `children` VALUES (18, '租赁记录', '/rental/record', 2, NULL, 14, NULL);
INSERT INTO `children` VALUES (19, '租赁取消', '/rental/delete', 2, NULL, 14, NULL);
INSERT INTO `children` VALUES (20, '租赁细节', '/rental/detail/:id', 2, NULL, 14, 1);
INSERT INTO `children` VALUES (22, '评价列表', '/appraise/list', 2, 1, 20, NULL);
INSERT INTO `children` VALUES (23, '评价细节', '/appraise/detail/:id', 2, NULL, 20, 1);
INSERT INTO `children` VALUES (159, '91Pck9U0do', 'mv4UwVorlq', 299, 744, 642, 28);
INSERT INTO `children` VALUES (160, 'AJRi0Q94He', 'ZAC8Bfbx6J', 465, 481, 425, 220);
INSERT INTO `children` VALUES (161, 'xFvAe2PhPE', 'VNZKqqYtqm', 561, 875, 947, 561);
INSERT INTO `children` VALUES (162, '7sHemQVNO2', 'KlSEhfbYka', 307, 660, 497, 573);
INSERT INTO `children` VALUES (163, 'VV2PsCpyE6', 'EM4T2lkA1l', 677, 344, 17, 227);
INSERT INTO `children` VALUES (164, '9mQUtbeJBl', 'Zuk9mAiWUJ', 311, 360, 77, 470);
INSERT INTO `children` VALUES (165, 'lQI9t1PMV3', 'ZOxp3Am6L1', 178, 815, 82, 326);
INSERT INTO `children` VALUES (166, 'd1JDaXWyoa', '2fiHKmHSsV', 698, 280, 320, 387);
INSERT INTO `children` VALUES (167, 'g6o537VjEX', 'YZZctl2fuC', 372, 235, 117, 233);
INSERT INTO `children` VALUES (168, 'KEPi2pxy0m', 'AjK1PfGTDN', 76, 296, 136, 917);
INSERT INTO `children` VALUES (169, 'oR9KZUqyHv', 'kUOadZB5r9', 331, 861, 967, 534);
INSERT INTO `children` VALUES (170, 'yzahq0LC7t', '2Qpx8Raogh', 724, 57, 426, 317);
INSERT INTO `children` VALUES (171, 'GUCYdMXbOb', 'QLSmlptcP9', 547, 956, 302, 385);
INSERT INTO `children` VALUES (172, 'tZXipCzGab', 'owJxcjmuNg', 398, 947, 818, 4);
INSERT INTO `children` VALUES (173, '3TkVBtcKi5', 'AyaE6en1D7', 139, 801, 367, 488);
INSERT INTO `children` VALUES (174, '5wUtdj033u', 'MK7XgEMay1', 714, 859, 956, 147);
INSERT INTO `children` VALUES (175, 'qwrYhygPqP', '8eMyBfWvN6', 581, 379, 575, 21);
INSERT INTO `children` VALUES (176, 't5ZuNNazMp', 'ofHpAL7rKK', 953, 927, 143, 244);
INSERT INTO `children` VALUES (177, 'dXbLAh5Ks2', 'BDBq2UCw9X', 762, 8, 167, 528);
INSERT INTO `children` VALUES (178, 'dLH4mIZWf2', 'cCmW1BChRz', 594, 964, 631, 601);
INSERT INTO `children` VALUES (179, 'D3Y4qz2dUS', 'IO6vnuYM91', 895, 577, 394, 259);
INSERT INTO `children` VALUES (180, 'zNFPQvsuJX', 'P5Joj3bnrG', 59, 600, 926, 877);
INSERT INTO `children` VALUES (181, 'lU6m1hvVL4', 'BLYLfeeUkf', 911, 976, 711, 109);
INSERT INTO `children` VALUES (182, 'OlVUxM2H89', 'KcqIHskX4N', 809, 363, 854, 335);
INSERT INTO `children` VALUES (183, 'Ub3knfrt8T', 'DQ6NeTyUhI', 252, 387, 2, 408);
INSERT INTO `children` VALUES (184, 'PQXcFkgC4q', 'Yu1HJ64w6o', 465, 205, 888, 250);
INSERT INTO `children` VALUES (185, 'UmmEOIwaZc', 'fGIXluugho', 696, 208, 754, 983);
INSERT INTO `children` VALUES (186, 'TN03GKf7Db', 'fuCSkj6VSr', 92, 17, 452, 567);
INSERT INTO `children` VALUES (187, 'n0yow378Ci', 'egtwIJjQQ6', 274, 333, 534, 526);
INSERT INTO `children` VALUES (188, 'n0x1xLkekH', 'LxxRBW3s8G', 791, 994, 547, 963);
INSERT INTO `children` VALUES (189, 'MJbwBE9WNl', 'vuFKAV21iO', 757, 423, 242, 72);
INSERT INTO `children` VALUES (190, '0bzVJr6Q7M', 'HaRMtZRjJn', 863, 617, 408, 500);
INSERT INTO `children` VALUES (191, 'IFNx0edGYn', 'OWfhGsAlUx', 955, 834, 701, 950);
INSERT INTO `children` VALUES (192, 'kRTneXyQSR', 'hS0ELqfXxP', 323, 143, 658, 666);
INSERT INTO `children` VALUES (193, 'DIgE3to4lw', 'bgPx3cZpLk', 39, 361, 361, 51);
INSERT INTO `children` VALUES (194, 'o8voNWOW6V', 'EpFsrsriC8', 468, 186, 777, 730);
INSERT INTO `children` VALUES (195, 'iws9VYFiav', 'LytFUs5kSq', 400, 459, 816, 162);
INSERT INTO `children` VALUES (196, 'avvJqYonEW', 'eY1T58VYqc', 808, 361, 359, 849);
INSERT INTO `children` VALUES (197, 'pITV9l5QCF', 'SzlX1ICsqc', 730, 738, 834, 995);
INSERT INTO `children` VALUES (198, '2Xv7MeaOho', 'Dd2COWAuMj', 949, 531, 157, 130);
INSERT INTO `children` VALUES (199, 'ieHbgmyhI2', 'dgutvQFCc3', 727, 839, 435, 389);
INSERT INTO `children` VALUES (200, 'CevAR6UKGn', 'mb6ZG5QXyy', 995, 473, 285, 53);
INSERT INTO `children` VALUES (201, 'MWLptL0QvZ', '9tqEfodMYR', 313, 522, 385, 444);
INSERT INTO `children` VALUES (202, 'UmWhsqedba', 'pFwJhFhBRi', 143, 634, 796, 229);
INSERT INTO `children` VALUES (203, 'kEU9s6QK7e', '9KJ1yTEgEq', 992, 398, 355, 295);
INSERT INTO `children` VALUES (204, 'rvokIQla4J', 'UKGQ1FIvcb', 47, 615, 820, 413);
INSERT INTO `children` VALUES (205, 'chjN6coukk', 'k5GmDrWanU', 52, 276, 719, 97);
INSERT INTO `children` VALUES (206, 'qeW2ulcHOj', 'Su166OdPNj', 726, 145, 401, 676);
INSERT INTO `children` VALUES (207, 'Ouf58ilUtV', 'EzncsxS8E0', 429, 461, 832, 299);
INSERT INTO `children` VALUES (208, 'kE0qngwcFU', 'zw6BFawJxT', 412, 940, 146, 680);
INSERT INTO `children` VALUES (209, 'LSz5h1XLVW', 'VqLMncvGO8', 696, 825, 771, 706);
INSERT INTO `children` VALUES (210, 'L1sdsrUs5e', 'h4Mh4kk0BY', 428, 715, 367, 181);
INSERT INTO `children` VALUES (211, 'jZzMcs3u4M', 'gmujZYolAK', 378, 742, 126, 561);
INSERT INTO `children` VALUES (212, 'YzmiF5d9am', 'GfiWFtoza7', 23, 94, 8, 910);
INSERT INTO `children` VALUES (213, 'kRAXJVl6Gq', 's5HGdVZ8jM', 70, 420, 411, 260);
INSERT INTO `children` VALUES (214, '0wbDPM4uUj', 'NN5vrSyHch', 573, 992, 713, 921);
INSERT INTO `children` VALUES (215, 'gSk5B1HokN', 'ZKXlfFlgIx', 492, 737, 109, 841);
INSERT INTO `children` VALUES (216, 'hdqP4G27He', 'MZJL9t4j0J', 417, 781, 74, 84);
INSERT INTO `children` VALUES (217, 'y9QnOY577J', 'WmPBNAlrM1', 41, 902, 222, 134);
INSERT INTO `children` VALUES (218, 'Udzbh9bFzH', 'ynEnWzfovZ', 358, 411, 441, 425);
INSERT INTO `children` VALUES (219, 'TaqDk68oJ9', 'eLqzV1GcbV', 747, 907, 581, 480);
INSERT INTO `children` VALUES (220, 'scs4kReIY8', '96Ox1yTTqk', 552, 306, 729, 427);
INSERT INTO `children` VALUES (221, 'x3vzobwY8B', 'rLvCVibGKs', 266, 896, 85, 999);
INSERT INTO `children` VALUES (222, 'u0Z9sZcOor', 'dqzYZv75eq', 209, 260, 218, 17);
INSERT INTO `children` VALUES (223, '5YGAbruNmy', 'S3rVZoaZJf', 552, 103, 650, 414);
INSERT INTO `children` VALUES (224, 'ausQPxSnAq', 'VAqvY8ai3j', 584, 16, 177, 742);
INSERT INTO `children` VALUES (225, 'gzEbR3uIt5', 'tDMnt4SH4w', 122, 948, 141, 993);
INSERT INTO `children` VALUES (226, '4rXIBhnxHK', 'Jeezrm6hDH', 561, 788, 512, 621);
INSERT INTO `children` VALUES (227, 'sFWsfjNATd', 'izP66GrSrK', 792, 912, 445, 731);
INSERT INTO `children` VALUES (228, 'woMXn1NJf5', 'soMQMrKwJW', 296, 74, 178, 169);
INSERT INTO `children` VALUES (229, 'fFa9rWa3mn', 'AtA6lZ57Jd', 306, 829, 812, 214);
INSERT INTO `children` VALUES (230, 'QzeuklXXFk', 'g6bmcHWksr', 360, 784, 313, 853);
INSERT INTO `children` VALUES (231, 'ikt67lxm8q', '1kjn8M3PQa', 624, 156, 322, 716);
INSERT INTO `children` VALUES (232, 'qavw6uswoq', 'bAcBwbHlSu', 70, 432, 3, 449);
INSERT INTO `children` VALUES (233, 'EV8O0BmYfQ', 'rB9zcQmWuJ', 232, 459, 932, 220);
INSERT INTO `children` VALUES (234, 'XTCojwZsjS', 'wAmRzPnN5f', 410, 485, 635, 224);
INSERT INTO `children` VALUES (235, 'sKjVyalz5w', 'GIM4CtHFma', 33, 756, 704, 855);
INSERT INTO `children` VALUES (236, 'vhLevzrMMY', 'JVVWfR17D6', 962, 268, 675, 140);
INSERT INTO `children` VALUES (237, 'QkOcs5PSba', 'Rb2i9w9rRE', 767, 764, 651, 791);
INSERT INTO `children` VALUES (238, 'kNixEUMn6U', 'NE0dWTRs5c', 859, 238, 922, 466);
INSERT INTO `children` VALUES (239, 'RTqTxtkJlY', 'q388Wa72Kd', 37, 696, 674, 894);
INSERT INTO `children` VALUES (240, 'jcdTr6PATc', 'kJ1TgwHoz5', 421, 270, 637, 261);
INSERT INTO `children` VALUES (241, '0hsTBhnj76', '2Ln5GA7GyH', 502, 551, 562, 593);
INSERT INTO `children` VALUES (242, 'd02BopbP5j', 'tpsQyZ8Cjy', 191, 523, 843, 353);
INSERT INTO `children` VALUES (243, 'UjAga3nw4J', '0yQW8z6CdT', 171, 392, 464, 550);
INSERT INTO `children` VALUES (244, 'z5sAVP7i0C', 'GdFdo9nN52', 873, 989, 268, 453);
INSERT INTO `children` VALUES (245, 'PxSsFHWDjX', 'di32haSFtV', 231, 556, 321, 302);
INSERT INTO `children` VALUES (246, 'cR2opcX2nE', 'MQSn7Kz9cq', 310, 889, 62, 166);
INSERT INTO `children` VALUES (247, 'agCQs8YWDm', 'oDgSCEj4PV', 34, 570, 415, 296);
INSERT INTO `children` VALUES (248, '4c3tUACRIY', 'xZMq5Secqq', 112, 537, 155, 444);
INSERT INTO `children` VALUES (249, 'ZNMmeb9V8z', 'j9snuWqTjy', 93, 796, 584, 51);
INSERT INTO `children` VALUES (250, 'G1YrrtFQbN', 'L6vpl8drfp', 233, 189, 521, 665);
INSERT INTO `children` VALUES (251, 'xRXPSEkAr2', 'kjGNWqcLcf', 595, 480, 983, 799);
INSERT INTO `children` VALUES (252, '7kCoI2TF4n', 'iZYlcs98AR', 176, 157, 139, 289);
INSERT INTO `children` VALUES (253, '0SbOS0F1UY', 'sluU7bEypX', 167, 477, 494, 162);
INSERT INTO `children` VALUES (254, 'tCCVKG6GGx', 'eO2CHciawz', 673, 943, 794, 568);
INSERT INTO `children` VALUES (255, 'BgANxhkbMn', 'v8MmWV1gYv', 665, 354, 608, 687);
INSERT INTO `children` VALUES (256, 'tvbxgZOFJC', 'SVw8sJY61m', 393, 269, 174, 926);
INSERT INTO `children` VALUES (257, '4d2OF1EQSI', '3sVNx1NxvN', 388, 512, 143, 93);
INSERT INTO `children` VALUES (258, 'cRwKEr07Jd', 'aBOBAeJc63', 240, 198, 257, 59);
INSERT INTO `children` VALUES (259, 'h2djgIsBqU', 'RJCmpFUVJH', 71, 842, 457, 235);
INSERT INTO `children` VALUES (260, 'EojbLbsqa1', 'ngJ42Inwg3', 957, 965, 538, 860);
INSERT INTO `children` VALUES (261, 'wErICsy8Vo', 'HmOd0vardp', 575, 343, 907, 90);
INSERT INTO `children` VALUES (262, 'HlbshlWKEA', 'rvEqztGYhr', 953, 467, 338, 88);
INSERT INTO `children` VALUES (263, 'jMty1Yfdyq', 'vm9fPmWekn', 815, 980, 442, 693);
INSERT INTO `children` VALUES (264, 'VGhRfZlyG1', 'XndG4zdo7f', 290, 983, 332, 599);
INSERT INTO `children` VALUES (265, 'f4nw1x0BRx', 'UD5LugsijE', 418, 828, 849, 592);
INSERT INTO `children` VALUES (266, '09ksmLmLPk', 'ouEUX2M1b9', 370, 89, 339, 743);
INSERT INTO `children` VALUES (267, 'nZKUhjzSW9', 'vKsfbCcXpf', 742, 27, 752, 708);
INSERT INTO `children` VALUES (268, 'aQ0dUz7aAZ', '03XeL9fdeC', 337, 258, 786, 187);
INSERT INTO `children` VALUES (269, 'xbAFB3O9lL', '0ENJliqEMU', 875, 232, 94, 523);
INSERT INTO `children` VALUES (270, 'gH3BzZN1Rq', 'QUWhWXNeN2', 543, 88, 400, 950);
INSERT INTO `children` VALUES (271, 'w5rpPxdF0O', 'ZjKYS63g4Q', 518, 25, 895, 604);
INSERT INTO `children` VALUES (272, 'YKAigCAC91', 'KBus4F75i0', 929, 706, 620, 532);
INSERT INTO `children` VALUES (273, 'zVCWwMMRVc', 'GAtdvNIwcS', 199, 186, 840, 20);
INSERT INTO `children` VALUES (274, 'KXezs0OWn4', 'x6LatJdKVz', 57, 137, 264, 150);
INSERT INTO `children` VALUES (275, 'mFAdJnUwKg', 'egBbkTA2pE', 180, 686, 270, 659);
INSERT INTO `children` VALUES (276, 'ArEB2TKQ83', 'UsI6tEGI25', 11, 226, 540, 157);
INSERT INTO `children` VALUES (277, 'uo7wAzfrzD', 'tMHXYWpQYa', 799, 512, 449, 258);
INSERT INTO `children` VALUES (278, 'MgPhVUl9HT', 'IOHKj8siHN', 919, 32, 600, 147);
INSERT INTO `children` VALUES (279, '3XaiCHYfsh', 'km1fxfOMg2', 667, 776, 316, 787);
INSERT INTO `children` VALUES (280, 'mcg4GxB2Ui', 'd5gBVQVfe6', 227, 975, 786, 575);
INSERT INTO `children` VALUES (281, 'fGEDbCbz78', 'I8A5JjrKxW', 735, 808, 358, 670);
INSERT INTO `children` VALUES (282, 'j1vAAYxKsZ', 'xU2wpLcZJ7', 751, 767, 874, 526);
INSERT INTO `children` VALUES (283, 'IBSYlLqQEZ', 'pvEPVkq8Db', 588, 613, 180, 279);
INSERT INTO `children` VALUES (284, 'xvBnCAYEZc', '1F4vr9HPk1', 923, 683, 483, 685);
INSERT INTO `children` VALUES (285, 'YXquTVoWnk', 'D6RHL9zTxg', 251, 430, 199, 499);
INSERT INTO `children` VALUES (286, 'spx3Qnru2W', 'HPVRLfYkZz', 324, 275, 790, 268);
INSERT INTO `children` VALUES (287, 'T4GguHm4Ye', 'tsyJGtVrIq', 89, 361, 79, 275);
INSERT INTO `children` VALUES (288, 'ZyFkmt7tpF', 'OtO3K9Xt1m', 758, 3, 927, 429);
INSERT INTO `children` VALUES (289, '6DBYjLkT69', 'ccP97odVUW', 189, 582, 910, 830);
INSERT INTO `children` VALUES (290, 'zyGQb6ObMe', 'XxnK0T7dz9', 995, 180, 388, 540);
INSERT INTO `children` VALUES (291, 'P6rnzUKdiZ', '3wwcUsNoub', 995, 128, 245, 720);
INSERT INTO `children` VALUES (292, 'x0MzFtvogz', '7FH1xs2vs0', 705, 952, 326, 120);
INSERT INTO `children` VALUES (293, '8B444KG5FW', '7B7NW2nYmn', 636, 821, 154, 207);
INSERT INTO `children` VALUES (294, 'LDm1QDjDQZ', 'uw4XbgqsxH', 289, 756, 332, 122);
INSERT INTO `children` VALUES (295, 'mWIEyw9xcv', 'rqlShO3P6i', 907, 599, 11, 17);
INSERT INTO `children` VALUES (296, 'uiDUiWywCz', 'a9RBJGRjzl', 555, 960, 875, 247);
INSERT INTO `children` VALUES (297, 'yXe5QfqGVL', 'JuK1TB6zoc', 743, 836, 404, 118);
INSERT INTO `children` VALUES (298, 'qRhCGgeT9Y', 'FFYk8OEG25', 913, 299, 32, 996);
INSERT INTO `children` VALUES (299, 'eIWgkSZGRf', 'gVOJXeEyBU', 798, 638, 216, 396);
INSERT INTO `children` VALUES (300, '0OUQDserKV', 'aRqGZkihF3', 129, 647, 1000, 695);
INSERT INTO `children` VALUES (301, 'mRP9HAJgDM', 'sawX9ZhNx0', 225, 845, 266, 985);
INSERT INTO `children` VALUES (302, 'rjFphr8Dkx', 'IbScLWw7oB', 173, 686, 18, 962);
INSERT INTO `children` VALUES (303, 'mjtNDMAzHU', 't2wA21iuuq', 614, 998, 147, 487);
INSERT INTO `children` VALUES (304, 'y8UYzGp08m', '3EyvtHAv0W', 884, 225, 50, 441);
INSERT INTO `children` VALUES (305, 'EQRiULHkUV', 'hWaV4ROjzi', 623, 587, 451, 679);
INSERT INTO `children` VALUES (306, '0KwDtgsalo', 'AxTTVvw1FH', 86, 82, 65, 404);
INSERT INTO `children` VALUES (307, 'TV3KeSqXLk', 'osBIztPr6w', 251, 64, 330, 632);
INSERT INTO `children` VALUES (308, 'b4ZWYNFeV8', 'BOSRDNLcAG', 567, 525, 421, 563);
INSERT INTO `children` VALUES (309, 'jKypDWZkgR', 'u6MA6jNPbh', 502, 481, 474, 423);
INSERT INTO `children` VALUES (310, '7cnuBQEFE0', 'PdwMxKAln6', 532, 639, 702, 102);
INSERT INTO `children` VALUES (311, 'exmpuH3Eia', 'sAENHG3eKu', 704, 761, 542, 849);
INSERT INTO `children` VALUES (312, 'D87QxfFAOb', 'DwjUBI22hX', 689, 942, 510, 858);
INSERT INTO `children` VALUES (313, 'Jz5xz9B2QA', '0OioluJoku', 357, 699, 147, 231);
INSERT INTO `children` VALUES (314, 'jG52IrUFOI', 'NhhrY9OPqq', 844, 165, 571, 902);
INSERT INTO `children` VALUES (315, 'R8Db5nH27r', '4XsOpo06DY', 743, 625, 821, 808);
INSERT INTO `children` VALUES (316, 'd5UYrEI0GJ', 'MO2BV7rKMq', 882, 447, 898, 512);
INSERT INTO `children` VALUES (317, '8G95GvkCyx', 'ohPSwFscIJ', 48, 991, 107, 939);
INSERT INTO `children` VALUES (318, 'N8T2W8iXUt', 'eMqFbENZo0', 463, 932, 363, 204);
INSERT INTO `children` VALUES (319, 'G47KrSE4E5', '1R5rFmL3Mq', 76, 826, 6, 731);
INSERT INTO `children` VALUES (320, 'XSx2BiVFqN', '9NbsKu18qZ', 315, 456, 41, 329);
INSERT INTO `children` VALUES (321, 'P1I6qCNs7b', '7pOBTMrGXx', 519, 419, 803, 508);
INSERT INTO `children` VALUES (322, 'IaW67VBvBd', 'xDaBdTyZrn', 454, 377, 655, 308);
INSERT INTO `children` VALUES (323, 'nz0PPHboVv', 'Jk3dH5IOCk', 875, 551, 814, 240);
INSERT INTO `children` VALUES (324, 'krdWnfvptg', 'jJSQhIeNdj', 708, 12, 206, 745);
INSERT INTO `children` VALUES (325, '3NhQSBOKcj', 'fpkF4SrhnA', 984, 219, 968, 31);
INSERT INTO `children` VALUES (326, 'rp8jn31F3x', 'KH6qNDo2NV', 939, 495, 252, 885);
INSERT INTO `children` VALUES (327, 'RelDF8mYun', 'lTU5dchfop', 964, 175, 991, 150);
INSERT INTO `children` VALUES (328, '0rrEbswd7d', 'ZN8Y9DMbrh', 924, 549, 74, 514);
INSERT INTO `children` VALUES (329, 'Dbe31AYXZg', '4BBB9kJbJt', 420, 87, 166, 36);
INSERT INTO `children` VALUES (330, 'DpPSIU1hMr', 'TrhkJbDAbA', 856, 532, 323, 895);
INSERT INTO `children` VALUES (331, '6d3QoSxkM0', 'JVNc9dIvqS', 163, 838, 489, 316);
INSERT INTO `children` VALUES (332, 'UP0mNxgHsv', 'AtG27qIqi1', 142, 39, 930, 345);
INSERT INTO `children` VALUES (333, 'el1DRqmyq8', 'zbbNMc4pZ1', 191, 644, 903, 11);
INSERT INTO `children` VALUES (334, 'JZCueUw2i6', 'YId3l5Wigm', 397, 88, 481, 120);
INSERT INTO `children` VALUES (335, '9T3iosu0SV', 'RjsUlSIfdD', 648, 570, 799, 383);
INSERT INTO `children` VALUES (336, 'kZwcwWL3kH', 'DoajXxUQOX', 347, 929, 372, 951);
INSERT INTO `children` VALUES (337, 'I3GlWk2yoP', 'jnEM1eiq2v', 106, 331, 513, 514);
INSERT INTO `children` VALUES (338, 'XWg5zDJ7HY', 'qytZbUMk6y', 314, 663, 595, 654);
INSERT INTO `children` VALUES (339, '3sfRjUoUJM', 'kvuzV643Hq', 779, 760, 239, 194);
INSERT INTO `children` VALUES (340, '5vXcw3PkFH', 'Z3WREkHrJx', 574, 901, 133, 455);
INSERT INTO `children` VALUES (341, 'JaPVVz1nRN', 'iTjPOJ9bVF', 676, 285, 386, 218);
INSERT INTO `children` VALUES (342, 'oUD39mjbA1', 'B4Fjx6Zpwy', 867, 21, 220, 629);
INSERT INTO `children` VALUES (343, 'GnIN4zNdCo', 'ma4BfWrZTU', 761, 485, 951, 933);
INSERT INTO `children` VALUES (344, 'zoiCG2U7lx', 'R4HB7drruV', 291, 417, 57, 651);
INSERT INTO `children` VALUES (345, '5jgc1HO31B', 'rfTqs5flf6', 554, 426, 608, 856);
INSERT INTO `children` VALUES (346, 'huZOA4Aqkj', 'rZQx2Zhz70', 120, 618, 833, 115);
INSERT INTO `children` VALUES (347, 'cGjREl2eUS', 'TSBMHWXmHu', 431, 258, 290, 460);
INSERT INTO `children` VALUES (348, 'EzqnPiV7Xp', '3n6rxG4Ie9', 469, 278, 536, 542);
INSERT INTO `children` VALUES (349, 'moZRL7cytx', 'ekEdOBnUNU', 70, 829, 811, 267);
INSERT INTO `children` VALUES (350, 'bhHghvT3aw', '0FAEyUb6mu', 551, 843, 403, 159);
INSERT INTO `children` VALUES (351, 'INS2EwrUt6', '0MCDy4Jv8g', 345, 694, 998, 143);
INSERT INTO `children` VALUES (352, 'Zw0hyyxMar', 'CC5jBWN7pJ', 505, 514, 401, 912);
INSERT INTO `children` VALUES (353, 'V4cDUSkInC', 'tJ6GrxFanz', 485, 102, 845, 921);
INSERT INTO `children` VALUES (354, 'dJ2irY2fHD', 'TMgGkbzCrH', 85, 480, 843, 42);
INSERT INTO `children` VALUES (355, 'A6QK2qKlk8', 'e6QVb8ybjB', 3, 19, 529, 322);
INSERT INTO `children` VALUES (356, 'TmLZgMHyUj', '74MUULgJFO', 209, 583, 870, 332);
INSERT INTO `children` VALUES (357, 'mMhFsUt8w9', 'D7pfWHLAjn', 58, 567, 416, 421);
INSERT INTO `children` VALUES (358, 'Sno3Wc5Ff9', 'Hfk1MedOXo', 478, 28, 42, 473);
INSERT INTO `children` VALUES (359, 'ScjVWqhN8y', 'GTxCl66uS0', 968, 710, 785, 386);
INSERT INTO `children` VALUES (360, 'D9ye5xe8WV', 'DePq3l2tsX', 989, 534, 27, 767);
INSERT INTO `children` VALUES (361, 'VDyxyiVqtS', 'kDuMU8FfWm', 229, 109, 868, 952);
INSERT INTO `children` VALUES (362, 'R931rYmJKg', 'yuxInPqJjR', 260, 488, 441, 371);
INSERT INTO `children` VALUES (363, 'w82HHWiObj', 'NTWF5XpBJE', 423, 424, 343, 802);
INSERT INTO `children` VALUES (364, 'iszFgicbCH', 'DwZneapuy4', 356, 453, 483, 917);
INSERT INTO `children` VALUES (365, 'ghA3o5z1cx', 'CefB9tZWhQ', 623, 840, 237, 595);
INSERT INTO `children` VALUES (366, 'IexMw6Lz7b', 'LTSRa63mRO', 747, 36, 650, 545);
INSERT INTO `children` VALUES (367, 'A54bUEsqKN', 'sSyjcOctMC', 93, 401, 834, 730);
INSERT INTO `children` VALUES (368, 'yv0LdW94eu', 'zJpH0ZQow3', 629, 516, 105, 893);
INSERT INTO `children` VALUES (369, '43RKtXAwi9', 'WQwF4MStRo', 833, 482, 446, 940);
INSERT INTO `children` VALUES (370, 'At65gPz6iE', 'NA6vRmPYUF', 435, 728, 425, 349);
INSERT INTO `children` VALUES (371, 'TYvHt5F7Fc', 'ENTccW3gwV', 327, 317, 72, 175);
INSERT INTO `children` VALUES (372, 'TUgWX82Qsu', 'gXEzNeV9nO', 909, 710, 88, 434);
INSERT INTO `children` VALUES (373, 'CiKbN8JPbv', 'XjyfeHXMQs', 297, 58, 133, 964);
INSERT INTO `children` VALUES (374, 'LP5Cl3LIzw', 'dCvzK6LH0y', 144, 961, 28, 272);
INSERT INTO `children` VALUES (375, 'R3n1wODeUj', 'hLnGgVGK2O', 217, 942, 517, 739);
INSERT INTO `children` VALUES (376, 'SSyLtHO2eD', 'I04QN1CxOJ', 730, 692, 771, 847);
INSERT INTO `children` VALUES (377, '1f2ctKvnLW', '77wNPS3Ve1', 811, 133, 132, 193);
INSERT INTO `children` VALUES (378, 'OC6irk0Z4k', '6sRzFQnI7H', 7, 654, 887, 156);
INSERT INTO `children` VALUES (379, 'pRkzaNNJc3', 'OlSTrPMBpT', 250, 799, 428, 227);
INSERT INTO `children` VALUES (380, '1IfuSG2QAK', 'VBBt24eNFH', 338, 127, 613, 304);
INSERT INTO `children` VALUES (381, '7BDI0iRMkz', 'O6HZCmylW1', 864, 561, 752, 76);
INSERT INTO `children` VALUES (382, 'AVXmu4zXhh', '8uoPl3VQyp', 242, 82, 882, 803);
INSERT INTO `children` VALUES (383, 'HvsRRf6luZ', 'jbQvcp3AcE', 904, 329, 75, 587);
INSERT INTO `children` VALUES (384, '1Q500VFD8Y', 'aCSVYEx3jc', 419, 540, 504, 649);
INSERT INTO `children` VALUES (385, '63vtSdOkph', 'pwwEIs94bF', 609, 541, 862, 767);
INSERT INTO `children` VALUES (386, 'UZBImbN5KE', 'ImCwjsL3q3', 269, 647, 807, 254);
INSERT INTO `children` VALUES (387, 'Lw9ng5hbZg', 'vw3I1y2BSO', 50, 273, 625, 682);
INSERT INTO `children` VALUES (388, '5dqSqBqmgX', '9h7Cem4QBC', 728, 818, 284, 636);
INSERT INTO `children` VALUES (389, 'UKrcH3G0be', 'hymSelF2CP', 564, 346, 941, 202);
INSERT INTO `children` VALUES (390, 'nQZ5T5PIiS', '5x1qcP3LzB', 377, 182, 822, 472);
INSERT INTO `children` VALUES (391, 'aROamHvyMk', 'oMnA7XQRmN', 377, 465, 963, 657);
INSERT INTO `children` VALUES (392, 'wAJGPn0lHU', 'jK0OGWW6S6', 428, 962, 24, 405);
INSERT INTO `children` VALUES (393, '9u3NH2HqUh', 'AW3jGnHt6J', 67, 167, 932, 762);
INSERT INTO `children` VALUES (394, '1qsuyC5Rpx', '3zz7bNuRX6', 428, 868, 585, 801);
INSERT INTO `children` VALUES (395, '0ptE0ZRo9B', 'NcfXroLLc2', 919, 704, 726, 846);
INSERT INTO `children` VALUES (396, 'JSk1WtWXc0', '0n07ZPqkE6', 471, 238, 910, 837);
INSERT INTO `children` VALUES (397, '4tJ7oEy2gO', 'TCPDPi05JN', 553, 525, 968, 852);
INSERT INTO `children` VALUES (398, 'RyTVEeBqiv', '7ULVtuHQoC', 423, 353, 505, 751);
INSERT INTO `children` VALUES (399, 'I9WYsH47Ue', 'aiPGsIk9G5', 362, 823, 852, 315);
INSERT INTO `children` VALUES (400, '31HwQfgO47', 'mSHEzP6W1Y', 244, 275, 929, 286);
INSERT INTO `children` VALUES (401, 'Ljn17xxqON', 'ct7ApVL8EM', 570, 148, 513, 709);
INSERT INTO `children` VALUES (402, '1cBFCXRtp6', 'FNv5cc9FOZ', 81, 734, 964, 675);
INSERT INTO `children` VALUES (403, 'g3ZDF7bcXe', 'i09AbbJhqe', 726, 522, 811, 505);
INSERT INTO `children` VALUES (404, 'vMOuosIwVN', 'UspqcSujNM', 448, 211, 78, 350);
INSERT INTO `children` VALUES (405, 'bDoBrHMb2h', '7hwRj7qh1d', 173, 938, 46, 335);
INSERT INTO `children` VALUES (406, '3nBNgwSoIH', 'r6slJJv5VW', 104, 874, 118, 381);
INSERT INTO `children` VALUES (407, 'NFWbb49Be6', 'XZqg9oQqeP', 944, 357, 486, 464);
INSERT INTO `children` VALUES (408, 'X0W7BLOCcL', 'mrRGocdiIC', 428, 674, 502, 701);
INSERT INTO `children` VALUES (409, 'aBGhAQRlmb', 'tXb8YCOCbc', 196, 514, 172, 220);
INSERT INTO `children` VALUES (410, 'CGoOIqNH9V', '6ilKhFiMX0', 706, 873, 590, 686);
INSERT INTO `children` VALUES (411, 'tFPiQZFIDy', 'uvgOZAb0Mq', 6, 633, 925, 490);
INSERT INTO `children` VALUES (412, 'NvT9IFEopD', 'CuPfsdDwxB', 96, 836, 440, 184);
INSERT INTO `children` VALUES (413, 'hdJcOmQwgq', 'CXW6IznkEL', 875, 337, 866, 864);
INSERT INTO `children` VALUES (414, 'GBgpy0LafI', '196IbQqVKn', 346, 330, 29, 922);
INSERT INTO `children` VALUES (415, '8tHRlAhqcG', '4WDruPtJE5', 989, 44, 999, 220);
INSERT INTO `children` VALUES (416, 'CdPLworAhY', 'bHvgj8g0Kq', 379, 253, 632, 516);
INSERT INTO `children` VALUES (417, 'YmTpzsVOfC', '6CYdr6ijcz', 740, 108, 239, 258);
INSERT INTO `children` VALUES (418, 'CBTaSfIKjx', 'fGBF3x57lm', 871, 4, 577, 321);
INSERT INTO `children` VALUES (419, '9VYNZSEGMQ', 'tjTpMmOvr9', 293, 954, 381, 486);
INSERT INTO `children` VALUES (420, '6358RVUJLA', 'g6z2gkTjb2', 784, 951, 569, 653);
INSERT INTO `children` VALUES (421, 'rHedr4KiSN', 'WxCbcx8cjn', 162, 844, 559, 115);
INSERT INTO `children` VALUES (422, '7LCr1EJlNI', 'SWcqqTsZhP', 803, 410, 20, 385);
INSERT INTO `children` VALUES (423, 'J0REclnrS0', 'UwCxJUysNg', 769, 800, 921, 241);
INSERT INTO `children` VALUES (424, 'BL4RdImQ75', '8oJ3KEuZl8', 351, 436, 482, 65);
INSERT INTO `children` VALUES (425, 'TftelynWcG', 'y9n0dRDlT7', 200, 877, 319, 939);
INSERT INTO `children` VALUES (426, 'o4L7cxet7y', 'e3BCO7yF4B', 352, 789, 338, 942);
INSERT INTO `children` VALUES (427, 'kjyX4fQn5V', 'vh3jpi5tpk', 469, 130, 571, 280);
INSERT INTO `children` VALUES (428, 'LSn9GAiK7i', 'yUslG1iCNm', 541, 828, 361, 223);
INSERT INTO `children` VALUES (429, 'uWbvQIPzci', 'RJa7liSp4H', 88, 406, 876, 356);
INSERT INTO `children` VALUES (430, 'd8rORMbLPa', 'o2LTHZ3Wkd', 622, 535, 647, 766);
INSERT INTO `children` VALUES (431, 'Lwm203oWRu', 'lQDeEu7RvB', 512, 499, 984, 556);
INSERT INTO `children` VALUES (432, 'eEy501B5Y3', 'wXzBvHnxIf', 734, 754, 42, 794);
INSERT INTO `children` VALUES (433, 'Y3eWhQcpbc', 'cM9y8GkPUc', 986, 5, 203, 148);
INSERT INTO `children` VALUES (434, 'o7lPh94de1', 'USQoCHkd83', 300, 384, 758, 759);
INSERT INTO `children` VALUES (435, 'mW56QlZ8ep', 'CjIjW0yS53', 888, 234, 721, 576);
INSERT INTO `children` VALUES (436, 'kXOD4BK3Gz', 'QWH1KI0uUg', 421, 624, 274, 619);
INSERT INTO `children` VALUES (437, 'mOkLMOop8H', 'Fp1zM22pjR', 971, 139, 467, 92);
INSERT INTO `children` VALUES (438, 'e3Qxnl3HI7', 'SqcjcsyffK', 535, 638, 885, 184);
INSERT INTO `children` VALUES (439, 'SVRqaIil9h', 'WxvPGGYPjs', 273, 80, 925, 426);
INSERT INTO `children` VALUES (440, 'kUzaJfhZ2p', '194Q6DtVK3', 831, 358, 11, 478);
INSERT INTO `children` VALUES (441, 'M3WGFpZzRw', '8yjFNTcHtT', 910, 997, 855, 978);
INSERT INTO `children` VALUES (442, 'pS1vaxTJRw', 'UiVgp5tvU0', 87, 79, 997, 989);
INSERT INTO `children` VALUES (443, 'JCyTLBhwCu', 'oaH9WLB2nk', 626, 274, 709, 946);
INSERT INTO `children` VALUES (444, 'hXnK7w7tsF', '8ZSYpAzGKc', 473, 71, 587, 617);
INSERT INTO `children` VALUES (445, 'PwBqZKdQ7R', '4JKGzrKYgw', 741, 815, 92, 875);
INSERT INTO `children` VALUES (446, '67rknUz5Sr', '91Dt0jXrTo', 785, 1, 790, 992);
INSERT INTO `children` VALUES (447, 'lpMWsFsvrD', 'dJ3YY6YkcF', 435, 251, 847, 83);
INSERT INTO `children` VALUES (448, 'PDedDb5nce', '3mwTJ2HFrA', 996, 627, 710, 344);
INSERT INTO `children` VALUES (449, 'I6ZacaVcAk', 'ZUaGQ9VAOq', 584, 475, 698, 455);
INSERT INTO `children` VALUES (450, 'GIVX0bBIUM', 'KeC4LVjQgs', 415, 624, 530, 807);
INSERT INTO `children` VALUES (451, 'RqNNuZMed3', 'Y7dfvoGgmM', 652, 514, 120, 237);
INSERT INTO `children` VALUES (452, 'su73yx2zHz', 'l0UNzHcq9w', 989, 968, 250, 699);
INSERT INTO `children` VALUES (453, 'ttNdqhgY6Z', '3U2EjfrK4T', 454, 448, 294, 709);
INSERT INTO `children` VALUES (454, 'e1oXXvisAB', '6wXErX6xu3', 816, 950, 364, 281);
INSERT INTO `children` VALUES (455, '83H3Jbpzis', '36I1MyllVR', 610, 178, 517, 788);
INSERT INTO `children` VALUES (456, 'BA3DOjq2fq', '90HUIczMLD', 231, 703, 379, 786);
INSERT INTO `children` VALUES (457, 'o6yFMRNWfj', 'rutDcyY6a4', 821, 495, 648, 423);
INSERT INTO `children` VALUES (458, 'CWNxZ30iE3', 'hLhLZhGRXF', 987, 759, 304, 406);
INSERT INTO `children` VALUES (459, 'C0CpFi5m45', 'L1RzxDfMUF', 913, 266, 952, 190);
INSERT INTO `children` VALUES (460, 'EIFTAPnw0T', 'WamIpwG2al', 823, 165, 117, 591);
INSERT INTO `children` VALUES (461, 'mINt3lrtPh', 'unfHq7IlMN', 849, 199, 661, 396);
INSERT INTO `children` VALUES (462, 'PtFg4qFFiJ', '7XFGOIklau', 277, 266, 753, 720);
INSERT INTO `children` VALUES (463, 'VRaTGkL7Xq', 'abNrJsbIG0', 157, 233, 863, 10);
INSERT INTO `children` VALUES (464, 'MXD4BEhfyz', 'tukXgAzuwz', 894, 515, 763, 469);
INSERT INTO `children` VALUES (465, 'xLpxhYYwBb', 'JZTPuHoDlO', 183, 458, 140, 111);
INSERT INTO `children` VALUES (466, 'SIMVvmg2a5', 'UHqUNUxteV', 624, 139, 429, 9);
INSERT INTO `children` VALUES (467, 'eXYZb9cHks', 'n2zFjbou9M', 958, 379, 755, 590);
INSERT INTO `children` VALUES (468, 'PRhBz7stbb', 'R2E40ttxGc', 912, 896, 631, 441);
INSERT INTO `children` VALUES (469, 'MsZxIB0MmE', 'PvWthHlBEC', 499, 462, 506, 49);
INSERT INTO `children` VALUES (470, '5M2nb5EUQs', 'sonezqto6P', 851, 6, 336, 180);
INSERT INTO `children` VALUES (471, 'gjcdD37EVR', '4zhDSO3mwl', 776, 5, 261, 502);
INSERT INTO `children` VALUES (472, 'pQ8WwaxDiU', 'M7zQEjZDsN', 388, 429, 822, 317);
INSERT INTO `children` VALUES (473, 'pqBpNvv9fO', 'FV1AyRZ4Ya', 332, 738, 328, 890);
INSERT INTO `children` VALUES (474, '38UpKp3vNW', 'HtWTN8kLGY', 837, 161, 883, 830);
INSERT INTO `children` VALUES (475, 'Xr30mDpvNq', 'pwQoxs7oKt', 318, 161, 304, 319);
INSERT INTO `children` VALUES (476, 'FELSQHKYfv', 'VHl589kLgx', 474, 603, 210, 872);
INSERT INTO `children` VALUES (477, '4Bax32JJit', 'u1M3IfqH25', 397, 768, 99, 267);
INSERT INTO `children` VALUES (478, 'JhJudnofc6', '9yu4ZhYAu8', 628, 671, 338, 643);
INSERT INTO `children` VALUES (479, 'rh96KK5Jta', 'sxwxsQHTuO', 515, 457, 581, 94);
INSERT INTO `children` VALUES (480, 'Rhf9VEKE3L', '0cv5O8k1vH', 525, 960, 304, 27);
INSERT INTO `children` VALUES (481, '3mNMHp7RAQ', 'un1gnTDU6B', 712, 284, 102, 175);
INSERT INTO `children` VALUES (482, 'fRyNFC2lC4', 'oZBhpsmsWN', 142, 799, 154, 926);
INSERT INTO `children` VALUES (483, '0ZCBWwbgdK', 'AqJf7CHcHR', 307, 927, 75, 119);
INSERT INTO `children` VALUES (484, 'MGMdNBa9Lo', '554MvmG8sU', 494, 202, 735, 51);
INSERT INTO `children` VALUES (485, 'q76WDKf6R1', 'RSGVIjelD3', 43, 624, 156, 467);
INSERT INTO `children` VALUES (486, 'eut8cm5Ep9', 'gGTxJTjIhJ', 214, 819, 451, 573);
INSERT INTO `children` VALUES (487, 'sVNG5Ol2aR', 'Y7TwFZa1kT', 538, 840, 755, 890);
INSERT INTO `children` VALUES (488, 'enhyIQC9vA', 'GLNHZ62fNL', 1, 130, 676, 649);
INSERT INTO `children` VALUES (489, 'QzR7b4RYx1', 'BjKRAR77We', 870, 894, 76, 785);
INSERT INTO `children` VALUES (490, 'RYFnjpoqk0', 'ODsE71U3vU', 615, 150, 380, 295);
INSERT INTO `children` VALUES (491, 'lCIxZsnq20', 'mxCEWTaAgj', 567, 678, 32, 859);
INSERT INTO `children` VALUES (492, 'Ed90fOv3OZ', 'eruwTaU4PF', 381, 385, 956, 210);
INSERT INTO `children` VALUES (493, 'mAUcqYkqsa', 'v7J3welYbw', 477, 186, 392, 678);
INSERT INTO `children` VALUES (494, 'yIQERUpfDt', 'Ma7zNcCJ1c', 350, 777, 377, 499);
INSERT INTO `children` VALUES (495, 'DohJd8BwoJ', 'ejTEkOTd2G', 341, 74, 257, 606);
INSERT INTO `children` VALUES (496, 'WjNTGUPpkz', 'DxgOZRBeLL', 35, 21, 318, 460);
INSERT INTO `children` VALUES (497, '6hLsWYQQwK', 'wEmV6xBDDz', 174, 936, 829, 122);
INSERT INTO `children` VALUES (498, 'ebiD87DnZ8', 'fJBly8QEh1', 878, 290, 107, 730);
INSERT INTO `children` VALUES (499, 'oIN2MDVA8b', '0sGbPVwVns', 561, 325, 760, 456);
INSERT INTO `children` VALUES (500, 'aSslSqdBTL', 'BzwS6kGOpP', 958, 519, 950, 977);
INSERT INTO `children` VALUES (501, 'sEdDTgDypL', 'EN9pSZI1rS', 37, 101, 49, 183);
INSERT INTO `children` VALUES (502, 'YSuLPzHcYF', 'EumSwsqQTp', 529, 306, 73, 872);
INSERT INTO `children` VALUES (503, 'u3vcqVnsMn', '9dCoq9u7IU', 179, 852, 796, 418);
INSERT INTO `children` VALUES (504, '2uwdnSWfb0', 'AlSj3HIoTn', 121, 237, 827, 504);
INSERT INTO `children` VALUES (505, 'TXDZLPTU5Y', 'pUAVq6WUGX', 4, 797, 559, 151);
INSERT INTO `children` VALUES (506, '4URotsJrvA', 'qjxGjgAT6z', 968, 325, 13, 49);
INSERT INTO `children` VALUES (507, 'IhkNYdhh5s', 'kwRm1YKx36', 286, 222, 612, 459);
INSERT INTO `children` VALUES (508, 'VsuXji1iJ8', 'yFyx5K6E8p', 762, 105, 828, 177);
INSERT INTO `children` VALUES (509, 'FqxIolsHWA', 'I4utz8eEWX', 648, 930, 647, 72);
INSERT INTO `children` VALUES (510, 'gzBjMoE4xX', 't5pxt0iscQ', 502, 595, 190, 16);
INSERT INTO `children` VALUES (511, 'rQTCAYLcBW', 'PrqHQUC4qn', 125, 160, 808, 301);
INSERT INTO `children` VALUES (512, 'Us4zbQTB9L', '6iiVCWQica', 946, 733, 784, 784);
INSERT INTO `children` VALUES (513, 'Xpp862H6ZD', 'OUQ8OYVQPF', 264, 433, 58, 158);
INSERT INTO `children` VALUES (514, 'puYPqrdPVV', 'dILa6fPxFB', 52, 170, 856, 299);
INSERT INTO `children` VALUES (515, 'DkzhkVcccK', 'jhj2oJyVtD', 237, 698, 890, 642);
INSERT INTO `children` VALUES (516, 'CRWtjVoX4B', 'aItU0UD7EW', 61, 820, 909, 689);
INSERT INTO `children` VALUES (517, 'hvVwThFH0r', 't2yaLxx6Y0', 198, 80, 871, 800);
INSERT INTO `children` VALUES (518, '39GX1veNKV', 'Bg9LnWMkSI', 650, 95, 999, 760);
INSERT INTO `children` VALUES (519, 'Mtim1ymFRn', 'SR4HxDMpUx', 135, 299, 215, 92);
INSERT INTO `children` VALUES (520, 'DMHVK1ZUwD', 'oPFNrpJMI2', 292, 591, 517, 499);
INSERT INTO `children` VALUES (521, 'cYS55plA6h', 'WabhGMaooK', 328, 373, 447, 219);
INSERT INTO `children` VALUES (522, 'wMDPsV1CgJ', '0xhmN8Lm4s', 135, 995, 911, 770);
INSERT INTO `children` VALUES (523, 'oCEJ2BNWwx', 'IRTxOOrw02', 990, 724, 136, 361);
INSERT INTO `children` VALUES (524, 'rbSTUfxWbt', 'z0pD9PwsCU', 939, 354, 652, 51);
INSERT INTO `children` VALUES (525, 'HG3nIQFxrm', '90KwwBqSjM', 524, 194, 421, 371);
INSERT INTO `children` VALUES (526, 'NOc1GYEWOa', 'kgGdg1E0m9', 232, 232, 478, 56);
INSERT INTO `children` VALUES (527, '4K20YihMlt', 'dqc80O9T29', 984, 340, 338, 490);
INSERT INTO `children` VALUES (528, 'PgBndJLxX0', '31PWMx4AkW', 67, 508, 719, 453);
INSERT INTO `children` VALUES (529, 'ldGjTgqnxP', 'ky47eEGS4h', 429, 262, 836, 881);
INSERT INTO `children` VALUES (530, 'vZv73u8iEm', 'Zp5yhFp1gQ', 195, 666, 525, 352);
INSERT INTO `children` VALUES (531, '0mhsrGKKVa', 'YX1glrYpre', 142, 980, 683, 950);
INSERT INTO `children` VALUES (532, '0ZjBS2loAL', '9negUTtuwh', 866, 632, 960, 158);
INSERT INTO `children` VALUES (533, 'S03yqiQgXa', '8Jol1fAC8b', 379, 276, 881, 211);
INSERT INTO `children` VALUES (534, 'SRmYHJDbik', 'YaCz4ZlKmx', 179, 668, 918, 563);
INSERT INTO `children` VALUES (535, 'aZtNGRal4V', 'clfCTeFWxB', 253, 113, 474, 917);
INSERT INTO `children` VALUES (536, 'HaSQnDABo2', '5Xn8csmONC', 130, 84, 396, 500);
INSERT INTO `children` VALUES (537, '3zp9j2Sv1g', 'WB5ggOuHrv', 211, 44, 302, 540);
INSERT INTO `children` VALUES (538, 'CbzMRStACi', '0GuYuDQL9t', 322, 980, 410, 229);
INSERT INTO `children` VALUES (539, 'IMhjpSH7fT', 'iftX35bDIy', 727, 341, 123, 213);
INSERT INTO `children` VALUES (540, 'hjheEniMRl', 'W9AK5T3OsU', 202, 519, 69, 520);
INSERT INTO `children` VALUES (541, 'vnYnoJlpUl', 'yO5nbMTZO1', 284, 199, 635, 744);
INSERT INTO `children` VALUES (542, '82GW9oAPrV', 'gPd7cEG805', 172, 816, 275, 322);
INSERT INTO `children` VALUES (543, 'g4EMWWNThH', '6rWKq8HV9X', 306, 131, 288, 104);
INSERT INTO `children` VALUES (544, '7yUQiA9Ixf', 'irla8Hzojg', 981, 478, 386, 26);
INSERT INTO `children` VALUES (545, 'JWvdOqxD4O', 'eSMViOT8BT', 610, 840, 583, 789);
INSERT INTO `children` VALUES (546, 'Lg45Zd16aT', 'hJZYwr3wdE', 437, 454, 786, 507);
INSERT INTO `children` VALUES (547, 'KZw3HfVFLH', 'q1Zf1PKkwD', 752, 721, 84, 831);
INSERT INTO `children` VALUES (548, 'oHlYDCi5au', 'S4AT9ftg7j', 266, 211, 400, 426);
INSERT INTO `children` VALUES (549, 'vGHdiJF9eK', 'c7xJGmaZJw', 443, 268, 634, 554);
INSERT INTO `children` VALUES (550, '2gJd9rdULz', 'mlbyie1E23', 501, 779, 761, 895);
INSERT INTO `children` VALUES (551, 'Q9UWPX3CJE', 'V3NTuq9EaN', 687, 613, 658, 832);
INSERT INTO `children` VALUES (552, 'PjLga7rQtY', 'opTBKsF159', 473, 725, 966, 896);
INSERT INTO `children` VALUES (553, 'ya8XZTuVcS', '6c7FmXNbEm', 400, 119, 949, 647);
INSERT INTO `children` VALUES (554, 'BdgCuDDjFV', 'DigR7HQJAX', 302, 10, 265, 773);
INSERT INTO `children` VALUES (555, 'XoMHhydSCp', 'jVmA2OmBV7', 149, 250, 846, 67);
INSERT INTO `children` VALUES (556, 'S5X3P3FKuR', 'mZvbDcOKF0', 971, 911, 573, 889);
INSERT INTO `children` VALUES (557, 'zrb8IRPL6V', 'YeaSxpRNrr', 151, 691, 723, 805);
INSERT INTO `children` VALUES (558, 'IfyaoRBX3C', 'WerjvgdS5N', 990, 314, 938, 829);
INSERT INTO `children` VALUES (559, 'qdkfGw2umJ', 'GxyQ04MXye', 929, 968, 779, 338);
INSERT INTO `children` VALUES (560, '5DCPVugmuz', 'aFIZKV5Ib8', 920, 361, 559, 432);
INSERT INTO `children` VALUES (561, 'FrbAW9l8hw', 'hsG3w0AJuY', 247, 568, 453, 456);
INSERT INTO `children` VALUES (562, 'Yp6KClbeiz', 'iuKJvapwwS', 358, 749, 794, 404);
INSERT INTO `children` VALUES (563, '7C99WhUOfT', 'YpozBImMWX', 761, 8, 660, 796);
INSERT INTO `children` VALUES (564, 'bislHNND4E', 'lLVCAeBuqK', 237, 857, 502, 140);
INSERT INTO `children` VALUES (565, 'xjivU6Q5fZ', 'Dvj0S5q2Cp', 511, 119, 40, 817);
INSERT INTO `children` VALUES (566, 'EY3OD1HoPi', 'suXBWwlxcJ', 159, 886, 438, 451);
INSERT INTO `children` VALUES (567, 'fPX3PfrPQT', 'k8L9R2sPre', 464, 575, 708, 3);
INSERT INTO `children` VALUES (568, 'urMdPqIqbX', 'uGasL1x8ne', 532, 552, 372, 31);
INSERT INTO `children` VALUES (569, 'CykRLrB1L3', 'QXdMSbZEfa', 673, 543, 398, 0);
INSERT INTO `children` VALUES (570, 'zh2GFYX8pd', 'Z2XqbFzGWx', 332, 107, 17, 705);
INSERT INTO `children` VALUES (571, 'bZzddgEj7W', 'EbOIu4G61p', 661, 495, 809, 921);
INSERT INTO `children` VALUES (572, 'RjkGJseorv', 'bctnR7QXB8', 384, 809, 787, 649);
INSERT INTO `children` VALUES (573, 'EkoI1fjV46', 'qG2hohWgo5', 967, 928, 937, 454);
INSERT INTO `children` VALUES (574, 'IKsKIxtB47', 'jNSg9Xgle2', 943, 617, 888, 745);
INSERT INTO `children` VALUES (575, 'OVsk64tX0M', 'yBco2ld3Qo', 356, 752, 603, 875);
INSERT INTO `children` VALUES (576, 'VIaX5dBsr7', 'x9Nk8ZGWfv', 932, 673, 181, 582);
INSERT INTO `children` VALUES (577, 'prtIetjvmh', 'wzf76PVDxI', 360, 429, 284, 775);
INSERT INTO `children` VALUES (578, 'poCjmKx1QB', 'hfH5VnNvHj', 958, 592, 365, 139);
INSERT INTO `children` VALUES (579, '4t9SEXeeM3', 'e81q96PACV', 658, 802, 206, 280);
INSERT INTO `children` VALUES (580, 'vLl3bFKfns', 'rcb49v42XK', 139, 391, 963, 983);
INSERT INTO `children` VALUES (581, 'yz4qy5XYI5', 'ibBjZJkGmQ', 143, 342, 476, 957);
INSERT INTO `children` VALUES (582, 'W0GgL4T7UZ', 'ACnX76iJ35', 981, 68, 362, 735);
INSERT INTO `children` VALUES (583, 'Mk7MznItlF', '5myXGTQjzk', 414, 746, 196, 863);
INSERT INTO `children` VALUES (584, 'hV6qVkJQ2T', 'pVjDmGyq4w', 387, 533, 68, 385);
INSERT INTO `children` VALUES (585, 's7nJphde9I', 'Nt86hbP2uf', 795, 312, 954, 170);
INSERT INTO `children` VALUES (586, 'BBiOAR2ec0', 'miQ6GuxX0u', 713, 234, 732, 156);
INSERT INTO `children` VALUES (587, 'J5YEWpSsg9', '5bPCeN3cVB', 324, 99, 29, 80);
INSERT INTO `children` VALUES (588, 'ltkY8vEZYZ', 'yzzYbFnGwV', 984, 42, 640, 795);
INSERT INTO `children` VALUES (589, 'tRY7CZNCCq', 'Zwy0jWJMom', 70, 587, 423, 206);
INSERT INTO `children` VALUES (590, 'oSMDEYDVGQ', 'Oc0C31nxQm', 586, 230, 209, 773);
INSERT INTO `children` VALUES (591, 'pOqREGhUgC', 'lNGTBXLZ0u', 987, 494, 34, 452);
INSERT INTO `children` VALUES (592, 'AX6WAmxDeB', 'QpcXUErDHt', 63, 212, 759, 761);
INSERT INTO `children` VALUES (593, 'mmKVrRORN2', 'Ctwz2qfyoO', 785, 749, 274, 386);
INSERT INTO `children` VALUES (594, 'EksKYzGddr', 'SCiFTN8Y1a', 779, 195, 465, 567);
INSERT INTO `children` VALUES (595, 'rXWpeF9YyT', '3gbVxtKas3', 849, 108, 66, 238);
INSERT INTO `children` VALUES (596, 'saDmlsdKmE', 'js5J8Nw3dd', 637, 815, 966, 432);
INSERT INTO `children` VALUES (597, 'rOiNggdTSb', 'CdSAsHQwEj', 772, 995, 80, 741);
INSERT INTO `children` VALUES (598, 'Iv1IwRTt7x', 'qmtVGMPP3M', 528, 650, 733, 910);
INSERT INTO `children` VALUES (599, '80TrB2zh36', 'T38zNOYCSD', 440, 188, 911, 879);
INSERT INTO `children` VALUES (600, 'y8pXQVQ9W1', 'AZIDu6H8sn', 557, 427, 865, 144);
INSERT INTO `children` VALUES (601, 'EtL8TGmx3Q', 'G6kENEfuRt', 396, 292, 248, 352);
INSERT INTO `children` VALUES (602, 'o91RxCeUc0', 'BQMQbZQdDY', 978, 392, 942, 614);
INSERT INTO `children` VALUES (603, 'I7479TJ4Vh', 'wI7urvrz98', 68, 405, 737, 120);
INSERT INTO `children` VALUES (604, 'uhHPuoXf91', '4b3ufY5oRu', 914, 890, 98, 697);
INSERT INTO `children` VALUES (605, 'mvI45Iqs3d', 'pLroOu9sm8', 38, 415, 962, 692);
INSERT INTO `children` VALUES (606, 'd9XPXbCcYn', 'sF8mkDDZvW', 507, 43, 179, 204);
INSERT INTO `children` VALUES (607, 'Cjc2pw2oW3', '8ljviiqEfP', 839, 358, 918, 58);
INSERT INTO `children` VALUES (608, 'gadcrvJ9Il', 'VWYFqWZS0R', 338, 856, 602, 640);
INSERT INTO `children` VALUES (609, 'rK5yQKQH5r', 'JQnJee6ROZ', 621, 452, 800, 567);
INSERT INTO `children` VALUES (610, 'm6whf8EeKG', 'NW1M66apiV', 607, 876, 129, 752);
INSERT INTO `children` VALUES (611, 'seVI2eJAzp', 'nQHWMDfxiZ', 178, 199, 486, 909);
INSERT INTO `children` VALUES (612, 'D5Bc8s0cuF', 'W3SRxjdc2d', 171, 793, 396, 494);
INSERT INTO `children` VALUES (613, 'wYV1qsJsla', 'DOxY3Pw0FN', 684, 307, 521, 5);
INSERT INTO `children` VALUES (614, 'eNKE83lapv', 'F3xt0dP8xo', 397, 372, 741, 674);
INSERT INTO `children` VALUES (615, 'O2SHheqW2Q', 'KjGGKGVM5A', 421, 672, 863, 842);
INSERT INTO `children` VALUES (616, 'PODHlfnYLE', 'HIKZsyWR8O', 726, 959, 247, 804);
INSERT INTO `children` VALUES (617, '8HAVtHyWuC', 'S8OSyEbeec', 891, 416, 952, 186);
INSERT INTO `children` VALUES (618, 'okB1bjba6Y', 'rnVMc9k3k2', 181, 202, 606, 747);
INSERT INTO `children` VALUES (619, 'IfOidczaVY', 'wLZ2Rnu72f', 191, 122, 848, 54);
INSERT INTO `children` VALUES (620, 'ltdJSeV3LM', 'jCAbBykRyh', 867, 296, 789, 682);
INSERT INTO `children` VALUES (621, 'HCQ6de17mg', 'A622LbWFkb', 829, 265, 205, 462);
INSERT INTO `children` VALUES (622, 'zD0WApfARQ', 'yxErjGZELC', 401, 941, 301, 6);
INSERT INTO `children` VALUES (623, 'uo9DAgWBB7', 'LJaAcYfkqO', 791, 956, 50, 224);
INSERT INTO `children` VALUES (624, 'bwVRVB3fEd', 'FUzaBYyz5Y', 719, 792, 448, 643);
INSERT INTO `children` VALUES (625, 'NJDaQxncN9', 'mYw961Q7tM', 635, 343, 702, 236);
INSERT INTO `children` VALUES (626, 'Vhd5VPpTcj', 'lXkBcwQSk0', 981, 830, 62, 478);
INSERT INTO `children` VALUES (627, 'O98XuVHfhP', 'tHzZGTUsmj', 289, 579, 634, 476);
INSERT INTO `children` VALUES (628, 'QDIHWpoiYl', 'q13t92q8kO', 499, 244, 247, 741);
INSERT INTO `children` VALUES (629, 'oE6AQ0Unsg', 'hhueGRsF5U', 744, 113, 329, 342);
INSERT INTO `children` VALUES (630, 'fSdvyeeLPO', 'cXbIOUe4Sd', 408, 28, 845, 978);
INSERT INTO `children` VALUES (631, 'Um7zolLC0t', 'bFzXbQXd2l', 452, 25, 432, 516);
INSERT INTO `children` VALUES (632, 'SHqYPVyyYG', 'YrRJHp7MP5', 527, 620, 974, 133);
INSERT INTO `children` VALUES (633, 'eZr0Y7pMxw', '8RsvrXyzDk', 795, 323, 158, 137);
INSERT INTO `children` VALUES (634, 'LRCx1Cx7BV', 'l3M7U1ZMZ9', 976, 512, 346, 9);
INSERT INTO `children` VALUES (635, 'YwFZ1wGXCB', '6H9xHMCPWs', 487, 185, 272, 230);
INSERT INTO `children` VALUES (636, 'KZpirD0x6f', 'lyUUGqo1Ss', 414, 490, 130, 505);
INSERT INTO `children` VALUES (637, 'VNKf1yEJGs', 's392qD2UUT', 511, 180, 539, 262);
INSERT INTO `children` VALUES (638, '7wn8EfEDB5', 'zKDuhBlrAd', 561, 972, 847, 602);
INSERT INTO `children` VALUES (639, 'ai4zQiuyZM', 'npEKnZe9Ie', 332, 233, 557, 951);
INSERT INTO `children` VALUES (640, 'd94TeU4ib3', 'pZeTaY9Sse', 84, 370, 812, 243);
INSERT INTO `children` VALUES (641, 'Je4tFlAKjK', 'ohM3bGDJsc', 679, 809, 63, 272);
INSERT INTO `children` VALUES (642, '7zsXzRBE4a', 'hPp3YQqolA', 271, 476, 463, 608);
INSERT INTO `children` VALUES (643, 'MW2fVlDOfu', 'tCwOalisEd', 914, 263, 865, 789);
INSERT INTO `children` VALUES (644, 'pJRheEJNbp', 'S4st1N7fIV', 952, 25, 40, 189);
INSERT INTO `children` VALUES (645, 'gDaB0HnyDM', '3niCfB8qN9', 419, 806, 288, 573);
INSERT INTO `children` VALUES (646, 'kyae5Gw9SH', 'C7EzgQV5Lz', 293, 886, 978, 843);
INSERT INTO `children` VALUES (647, 'SpbLBqPAhx', 'ABF1KroHj0', 357, 861, 286, 170);
INSERT INTO `children` VALUES (648, 'AAco2xN89Y', 'bR2JLFtpi3', 323, 966, 713, 976);
INSERT INTO `children` VALUES (649, 'UsGsoftnbj', 'knblMIpjeq', 735, 909, 842, 840);
INSERT INTO `children` VALUES (650, 'kLagoQlse1', 'iEdo59ZxRB', 825, 249, 591, 416);
INSERT INTO `children` VALUES (651, 'aJKLk2mEEl', 'dmXYdx2T7i', 787, 977, 581, 223);
INSERT INTO `children` VALUES (652, 'nQHM34pIyy', '2vOtvv3wgK', 888, 249, 348, 188);
INSERT INTO `children` VALUES (653, 'yylxeU1ro8', 'B8vKOEpJSS', 515, 444, 302, 425);
INSERT INTO `children` VALUES (654, '4klTfDRlex', 'bLs0gA4d4w', 780, 519, 165, 822);
INSERT INTO `children` VALUES (655, 'wfU8EcR7Lv', 'MCPZesqvll', 273, 543, 218, 432);
INSERT INTO `children` VALUES (656, '3MSJuKA10Q', 'vi9lSp86tC', 947, 64, 25, 223);
INSERT INTO `children` VALUES (657, 'ZKaw65nMGq', 'EgZqgdtGmz', 15, 247, 267, 660);
INSERT INTO `children` VALUES (658, 'wWa6RP7wdh', '2X5MavfTYx', 504, 17, 962, 319);
INSERT INTO `children` VALUES (659, '3H004tu2Bq', '5Me3LIJOTC', 976, 467, 254, 542);
INSERT INTO `children` VALUES (660, 'ARoOsMgp7c', 'efmRDjNi5A', 15, 874, 928, 875);
INSERT INTO `children` VALUES (661, 'Au5vc2vtrJ', 'N64fAmg9Eo', 976, 729, 88, 326);
INSERT INTO `children` VALUES (662, 'uOi8XEn3L7', 'Jh4KDkVNeU', 687, 499, 308, 619);
INSERT INTO `children` VALUES (663, 'zvyMKpjt7S', 'G1w606dohU', 468, 626, 119, 422);
INSERT INTO `children` VALUES (664, 'GXS3vUwvXp', 'kObClzJf3H', 294, 627, 937, 607);
INSERT INTO `children` VALUES (665, 'HejYwOyZsv', '8iC7XSBN22', 433, 925, 187, 47);
INSERT INTO `children` VALUES (666, '8On2Qeg8jk', '4nDOWKVaEP', 383, 253, 163, 241);
INSERT INTO `children` VALUES (667, '3bzbW4UeIJ', 'KbxnAJ5MKQ', 842, 279, 596, 134);
INSERT INTO `children` VALUES (668, 'uMLawFwUM4', 'vFnoyUl7sQ', 638, 749, 296, 865);
INSERT INTO `children` VALUES (669, 'M0gg6sGrKc', 'mNvKPYq9Li', 115, 903, 586, 613);
INSERT INTO `children` VALUES (670, 'LJuLzaHi0t', 'vrynSiMyUt', 181, 941, 811, 908);
INSERT INTO `children` VALUES (671, 'llqMCZFdhz', 'l1aHE6a8Yo', 652, 549, 931, 611);
INSERT INTO `children` VALUES (672, 'CwsRPIs4YJ', '01CApGnp7y', 709, 880, 373, 420);
INSERT INTO `children` VALUES (673, 'HXUWPYYkEU', 'JKeBcZggra', 779, 60, 278, 965);
INSERT INTO `children` VALUES (674, '2L3vRIgdE4', 'hrvdCH93Yq', 495, 762, 327, 160);
INSERT INTO `children` VALUES (675, 'YMYW9ZTfiy', 'dASpv1wqGn', 286, 91, 352, 772);
INSERT INTO `children` VALUES (676, 'IOLlPrAWia', 'OYH9yGuCNE', 799, 221, 860, 741);
INSERT INTO `children` VALUES (677, 'YyzCJxKhVF', 'UL3M4Wjozt', 57, 439, 87, 776);
INSERT INTO `children` VALUES (678, '9mpByakNBh', '3E7l4uiVRR', 846, 882, 803, 133);
INSERT INTO `children` VALUES (679, 'AMiODteSqP', 'bSLXyE2YF5', 140, 484, 53, 411);
INSERT INTO `children` VALUES (680, 'vfdEfiNcjj', 'nIXY5dok0Y', 540, 344, 868, 995);
INSERT INTO `children` VALUES (681, 'rrlcsUFGDs', '8broK57CHP', 512, 260, 768, 181);
INSERT INTO `children` VALUES (682, 'TuxG3qZn3t', 'UnZS3CcUzJ', 564, 526, 440, 168);
INSERT INTO `children` VALUES (683, '1k6X6ODxur', 'mucYA3S117', 680, 8, 367, 313);
INSERT INTO `children` VALUES (684, 'ycEnDKIXjs', 'a1KBMEtc6x', 849, 465, 272, 5);
INSERT INTO `children` VALUES (685, 'vINTxK8rvs', 'rrVoqwCY9j', 326, 175, 733, 792);
INSERT INTO `children` VALUES (686, 'zXVHWXnNiN', 'qODEkUVIlf', 272, 710, 41, 796);
INSERT INTO `children` VALUES (687, 'S8mOjPzwnX', 'yu77ZgPE7j', 795, 992, 483, 842);
INSERT INTO `children` VALUES (688, 'QoScmt7Mvj', 'TGAfw7uTJC', 738, 314, 755, 495);
INSERT INTO `children` VALUES (689, 'LEfeqFRZvt', 'pCpXBxndEd', 551, 740, 195, 450);
INSERT INTO `children` VALUES (690, 'JyKGg42pJU', '235AJvMxX6', 450, 159, 776, 550);
INSERT INTO `children` VALUES (691, 'SIcD8feddu', 'dUogYqnToE', 553, 197, 904, 293);
INSERT INTO `children` VALUES (692, 'Yql7nmgJYL', 'V9PYOoQHO2', 183, 93, 499, 633);
INSERT INTO `children` VALUES (693, 'DG7rIGfy8W', 'vjngp3q4Kw', 9, 92, 838, 591);
INSERT INTO `children` VALUES (694, 'zWcvhDw3RW', 'NJbgCOr1gO', 6, 194, 314, 964);
INSERT INTO `children` VALUES (695, 'FhFUcZaEl5', 'aCogliaade', 679, 72, 328, 656);
INSERT INTO `children` VALUES (696, 'kInvceNVxg', 'CQ7UnMwwey', 359, 366, 611, 506);
INSERT INTO `children` VALUES (697, 'sFq9wDyhIM', 'jWqBlZUsZS', 9, 97, 147, 327);
INSERT INTO `children` VALUES (698, 'A13BcLOwEh', 'gRUxqREHz5', 247, 826, 966, 913);
INSERT INTO `children` VALUES (699, 'oZIC0apcoe', 'pI1zDi9vx9', 456, 326, 386, 226);
INSERT INTO `children` VALUES (700, '555m5B2lQn', 'Y69jA11KSf', 29, 82, 930, 597);
INSERT INTO `children` VALUES (701, 'gaK3GXmHEc', 'M5HANxr2DU', 355, 564, 246, 419);
INSERT INTO `children` VALUES (702, '8qMo4DwXSp', 'g7sF8d3wpy', 830, 14, 593, 959);
INSERT INTO `children` VALUES (703, 's1UYjqgRYM', 'JU84tZijOs', 257, 994, 44, 121);
INSERT INTO `children` VALUES (704, 'EYe5ij9McL', '8MMzo1pnSQ', 888, 203, 840, 15);
INSERT INTO `children` VALUES (705, 'PVM2yeQlWk', 'KYJRkYO0io', 546, 489, 346, 193);
INSERT INTO `children` VALUES (706, 'bZ4EFtRaR0', 'nQji1gsWzn', 76, 150, 422, 224);
INSERT INTO `children` VALUES (707, 'hnm40SxCHk', '4K09P6oefK', 693, 491, 614, 182);
INSERT INTO `children` VALUES (708, 'vdCBApr7DO', '7l9ophDHcD', 592, 244, 875, 999);
INSERT INTO `children` VALUES (709, 'SJQhEyv9v9', 'T13pria9NU', 871, 587, 656, 551);
INSERT INTO `children` VALUES (710, 'GDhRuAWE3t', 'r2Ji3mNNYg', 482, 328, 388, 75);
INSERT INTO `children` VALUES (711, '2dEIywrwSJ', 'y4ebClfdPq', 800, 767, 900, 889);
INSERT INTO `children` VALUES (712, 'JEGPFMPMS0', 'RRgaxLNeWL', 373, 378, 447, 652);
INSERT INTO `children` VALUES (713, 'pm7xneOPDC', 'Qaj5VSfC8y', 221, 947, 607, 869);
INSERT INTO `children` VALUES (714, 'p9W415TbeD', 'MTKKNYrl0J', 968, 866, 786, 599);
INSERT INTO `children` VALUES (715, 'tt2qo2t8MI', 'zkrF7NYfGm', 737, 979, 792, 592);
INSERT INTO `children` VALUES (716, 'LMbxCrysZ9', 'y2VgVp6gQA', 726, 425, 787, 625);
INSERT INTO `children` VALUES (717, 'pt8VnyiVuN', 'Yr4hUymbhJ', 109, 936, 356, 531);
INSERT INTO `children` VALUES (718, '7c1nwlGhsG', 'ZJjb43UhnP', 793, 561, 813, 233);
INSERT INTO `children` VALUES (719, 'wpBurOHdvq', 'bGMtY4HImU', 17, 519, 551, 624);
INSERT INTO `children` VALUES (720, 'eatmY8OmgK', '8eWef2Nc4X', 983, 664, 284, 27);
INSERT INTO `children` VALUES (721, 'UCsnfPdEsk', 'MaKWz9TsBv', 50, 108, 334, 305);
INSERT INTO `children` VALUES (722, 'zJhlCFfzAd', 'Dhwa6F6RB4', 522, 306, 446, 427);
INSERT INTO `children` VALUES (723, '0XUtulZcNX', 'jdCErlgibF', 776, 382, 461, 251);
INSERT INTO `children` VALUES (724, '5H3ic3ngWN', 'JZ3c59exi8', 43, 975, 961, 795);
INSERT INTO `children` VALUES (725, 'BCxdB4V8IL', 'YbijrXPfgC', 999, 820, 541, 657);
INSERT INTO `children` VALUES (726, 'm9ZzSOg8Mx', 'Fzw5XcVM4O', 804, 338, 91, 557);
INSERT INTO `children` VALUES (727, 'iqxIWTswz3', 'hzdiXV5hyK', 712, 441, 994, 548);
INSERT INTO `children` VALUES (728, 'UPVt57kXE9', 'vHMSWWCeUo', 399, 183, 334, 234);
INSERT INTO `children` VALUES (729, 'bxrs4kDIYW', 'r9BTFHvxdV', 323, 446, 926, 829);
INSERT INTO `children` VALUES (730, 'cVuJlV8ux7', 'DsFngGg2Ny', 142, 912, 192, 121);
INSERT INTO `children` VALUES (731, 'PIHjKvVtIG', 'Fl32UmWfXt', 228, 611, 247, 871);
INSERT INTO `children` VALUES (732, 'JjyGu7mXit', 'hgtPe8CchT', 771, 535, 648, 943);
INSERT INTO `children` VALUES (733, '7e5VrP0PLv', 'WUtISLvzrb', 442, 628, 516, 557);
INSERT INTO `children` VALUES (734, 'j4xfdfAK53', 'iENZ5TqAoT', 325, 268, 452, 277);
INSERT INTO `children` VALUES (735, 'XuJZOozkDT', '96aDxwAC6A', 909, 578, 86, 369);
INSERT INTO `children` VALUES (736, 'ZmLMF0ce8p', 'poZcoG63uD', 394, 532, 626, 541);
INSERT INTO `children` VALUES (737, 'oTlhHwleXv', 'jzQKS3myWl', 826, 231, 432, 683);
INSERT INTO `children` VALUES (738, 'HlBx82TGDv', 'NLatTWxK8w', 144, 691, 37, 793);
INSERT INTO `children` VALUES (739, 'jVx7LfBLJc', 'ycGH7kTNi9', 154, 782, 332, 756);
INSERT INTO `children` VALUES (740, 'OtDcmQ3XEp', 's4tzTt5GIo', 679, 516, 404, 561);
INSERT INTO `children` VALUES (741, 'LeVY5stEWl', 'CCsF9xN3vp', 997, 206, 898, 528);
INSERT INTO `children` VALUES (742, 'jaEgMJlBCn', 'P8Vcha4o5F', 28, 562, 651, 785);
INSERT INTO `children` VALUES (743, 'olq5ikQefc', 'RDNxib008t', 847, 442, 850, 130);
INSERT INTO `children` VALUES (744, 'LowUSDRsng', 'XgDWozAeJB', 867, 411, 795, 35);
INSERT INTO `children` VALUES (745, 'SUsPI6okwz', '8FfJKGX3uT', 788, 575, 257, 536);
INSERT INTO `children` VALUES (746, 'cTlnwUlReU', '36DWAbzFyj', 508, 944, 662, 593);
INSERT INTO `children` VALUES (747, 'S5Z0OVpiC3', 'iuOX2yMN3H', 383, 881, 47, 130);
INSERT INTO `children` VALUES (748, 'SxqyZ4yQEu', 'Cj5mj71hkT', 759, 169, 646, 983);
INSERT INTO `children` VALUES (749, '251Xms7EF1', 'dhr7frHOGU', 369, 699, 280, 68);
INSERT INTO `children` VALUES (750, 'f7LdjLyG6P', '3YuYjPIGCS', 27, 559, 598, 682);
INSERT INTO `children` VALUES (751, '0i1ZFzb619', 'ZMcxN7KuoF', 274, 992, 884, 626);
INSERT INTO `children` VALUES (752, 'RvHVRR9R5j', 'fOcLVUCDb0', 835, 242, 929, 979);
INSERT INTO `children` VALUES (753, 'PUkKwq7pxy', 'GcRKaZdSjr', 177, 283, 370, 333);
INSERT INTO `children` VALUES (754, 'KNImCKJ9LW', 'm5bQEEVuV9', 268, 335, 154, 324);
INSERT INTO `children` VALUES (755, 'kQlJkLiENc', 'zyhwsv66nl', 595, 38, 114, 658);
INSERT INTO `children` VALUES (756, 'O46ydXV3zc', 'g2Egi1YX4C', 888, 75, 702, 929);
INSERT INTO `children` VALUES (757, 'HYwOI0KmgS', 'pkaQna84b0', 635, 364, 270, 472);
INSERT INTO `children` VALUES (758, 'GuCloAu23h', 'ip3BPJL1dq', 469, 128, 112, 96);
INSERT INTO `children` VALUES (759, 'sLxp6lt7Uc', 'zNPHB60suN', 286, 181, 973, 123);
INSERT INTO `children` VALUES (760, 'vpnI4sNyas', 'qifVTQ4qhv', 900, 196, 66, 714);
INSERT INTO `children` VALUES (761, 'H01HcaOHS6', '6cLLfq4TH0', 158, 398, 769, 229);
INSERT INTO `children` VALUES (762, 'ZbrdiULGKB', 'mOQ2u950bJ', 245, 852, 117, 408);
INSERT INTO `children` VALUES (763, 'c4FwLTemkj', 'UXKayeYZ1e', 930, 478, 952, 229);
INSERT INTO `children` VALUES (764, 'hcnHjeG8mI', 'yN8fXvMlZ7', 60, 276, 579, 982);
INSERT INTO `children` VALUES (765, 'Gh8yXuEE35', 'PtKJvg9wXh', 573, 907, 808, 756);
INSERT INTO `children` VALUES (766, 'iePRF0c4oZ', '5S2NkIIB6Q', 126, 734, 568, 431);
INSERT INTO `children` VALUES (767, 'gkTUwawaFf', 'Uv8GN6naKt', 503, 209, 72, 185);
INSERT INTO `children` VALUES (768, '5RfKB1Nn7e', 'lUNGwtZFZV', 278, 888, 980, 455);
INSERT INTO `children` VALUES (769, 'djguWuGWDL', 'GlSQE12MQ4', 326, 447, 366, 736);
INSERT INTO `children` VALUES (770, 'Lv6gPGpaLk', 'esgGmc5p9k', 110, 712, 887, 507);
INSERT INTO `children` VALUES (771, 'nmGYB0np35', 'Ed1eS33pbS', 4, 239, 753, 310);
INSERT INTO `children` VALUES (772, 'M9UR2zYbvD', 'IA2S0Wqdrh', 631, 684, 94, 248);
INSERT INTO `children` VALUES (773, '87gy1ecd7N', 'SZGmY2a1R4', 799, 615, 664, 490);
INSERT INTO `children` VALUES (774, '6IPPm0f4w3', 'NyPHPGSH2k', 648, 195, 396, 7);
INSERT INTO `children` VALUES (775, 'FuGjwox45V', '7PCLpv2LTB', 44, 871, 118, 650);
INSERT INTO `children` VALUES (776, 'fsWua9u29i', 'bOPMQEBs2I', 104, 342, 338, 977);
INSERT INTO `children` VALUES (777, '2a0qpbnmTu', 'ruOvpo0ZHJ', 240, 41, 784, 471);
INSERT INTO `children` VALUES (778, '0niGNIDUdw', 'DnMToh0d9T', 189, 672, 634, 623);
INSERT INTO `children` VALUES (779, 'sYewGAPEEp', 'mc7LBrBbzN', 375, 503, 484, 106);
INSERT INTO `children` VALUES (780, 'ousCpCOIfg', 'nSwZsBTtEp', 689, 147, 210, 70);
INSERT INTO `children` VALUES (781, 'mTjJRw2BRo', 'P1PsgYaIWX', 518, 501, 625, 335);
INSERT INTO `children` VALUES (782, 'PBbmhvWOcz', 'NgQ2bh12WM', 949, 176, 480, 671);
INSERT INTO `children` VALUES (783, 'oMUW9xZOOv', 'D2KO627mcX', 68, 43, 306, 762);
INSERT INTO `children` VALUES (784, 'BHI6LW3TnV', 'AvvBMjNOQ1', 55, 649, 734, 996);
INSERT INTO `children` VALUES (785, '6Pm2LUNBBZ', 'agwjlpdN0k', 131, 304, 55, 378);
INSERT INTO `children` VALUES (786, 'WqJ2UpkgND', 'TcTpcb4n76', 867, 301, 736, 808);
INSERT INTO `children` VALUES (787, '0z7nP1X1aR', 'e2E08Kh7k4', 798, 924, 105, 194);
INSERT INTO `children` VALUES (788, 'C0EBQaOSxM', 'GH5bsaa5mg', 612, 129, 214, 409);
INSERT INTO `children` VALUES (789, 'hETqEnUUEC', '6uV9VG5Poy', 143, 268, 141, 188);
INSERT INTO `children` VALUES (790, 'teMPLdrOx5', 'HE383gw52J', 25, 152, 604, 502);
INSERT INTO `children` VALUES (791, 'DT8woMYbbv', '76WWUmLLvX', 47, 292, 714, 428);
INSERT INTO `children` VALUES (792, 'hlMj8hx2KG', 'lnNYpDJCY9', 736, 572, 927, 553);
INSERT INTO `children` VALUES (793, '5VEGh2KBuL', '8zl9zF0atL', 122, 220, 358, 207);
INSERT INTO `children` VALUES (794, 'O78BVQ038s', 'JirYXUaNv1', 434, 998, 880, 147);
INSERT INTO `children` VALUES (795, 'f7P8wmsNE1', 'dkPuikPNb8', 135, 753, 304, 398);
INSERT INTO `children` VALUES (796, 'jZZOwIh2sl', 'zwcTKh5eTP', 499, 621, 105, 223);
INSERT INTO `children` VALUES (797, 'QgSkjeVotl', '3jz4jmu2lk', 197, 848, 464, 301);
INSERT INTO `children` VALUES (798, 'sYAM4doeiS', 'D9ocQLxj6y', 556, 229, 165, 93);
INSERT INTO `children` VALUES (799, 'mx23kgn6jp', 'qzyl253xf9', 622, 242, 203, 220);
INSERT INTO `children` VALUES (800, 'GD0g0eMa1n', 'zpjizQURUd', 592, 800, 218, 26);
INSERT INTO `children` VALUES (801, 'LQ67OJjM28', '6z7dvz0YcN', 680, 716, 435, 739);
INSERT INTO `children` VALUES (802, 'oIb10oyDu2', 'LEyJ746wD9', 4, 555, 462, 580);
INSERT INTO `children` VALUES (803, 'Q57s7rp5QF', 'zuV2JtcY3m', 432, 155, 107, 360);
INSERT INTO `children` VALUES (804, 'zhHxyaIoe8', 'b6ufmwAHKw', 201, 187, 747, 929);
INSERT INTO `children` VALUES (805, '2bF0mVVCTN', 'h6ikuPwQ4w', 786, 872, 881, 484);
INSERT INTO `children` VALUES (806, 'OGbbllHq5e', 'ogxiMXRpO1', 41, 310, 775, 891);
INSERT INTO `children` VALUES (807, 'N0cB4QIsZg', 'XlOjuFpEDZ', 395, 92, 605, 63);
INSERT INTO `children` VALUES (808, 'B0yoJdOsd1', 'XMwmbqCTAh', 416, 839, 172, 330);
INSERT INTO `children` VALUES (809, '40ztWftb7z', '0hWB5jK3MT', 922, 569, 531, 49);
INSERT INTO `children` VALUES (810, 'CwrG6cNMs8', 'GvvvQHo76I', 236, 609, 233, 572);
INSERT INTO `children` VALUES (811, 'SIbrW0VEvw', 'agi983nLLU', 444, 103, 137, 227);
INSERT INTO `children` VALUES (812, 'wvEyyx9Ri5', 'JvaNnEA0bh', 569, 236, 385, 53);
INSERT INTO `children` VALUES (813, '1O1iWq3zO8', 'lFNkc8rizf', 55, 442, 568, 375);
INSERT INTO `children` VALUES (814, 'gwag5DeCFt', 'v7X8JoToq8', 959, 796, 327, 1);
INSERT INTO `children` VALUES (815, 'xtoiPCtTmV', 'chEVT24Saf', 929, 161, 567, 845);
INSERT INTO `children` VALUES (816, 'Rdb2PuIjDZ', 'uCpNCtr1c9', 681, 301, 217, 668);
INSERT INTO `children` VALUES (817, 'N4DgleJwTg', 'qBP1KemC2F', 802, 669, 250, 47);
INSERT INTO `children` VALUES (818, 'kplSDfJkuX', 'Ce8n5DZ12b', 609, 180, 519, 160);
INSERT INTO `children` VALUES (819, 'CH1tTgqUvW', 'VDsC3Ykx32', 609, 958, 200, 794);
INSERT INTO `children` VALUES (820, 'mYf7SyqEPJ', 'BrrZKqNsms', 167, 322, 289, 342);
INSERT INTO `children` VALUES (821, 'OZ7AE9XgMe', 'EycXfJlzyi', 130, 991, 884, 446);
INSERT INTO `children` VALUES (822, 'iQAuBCGKnO', 'pMkBbFdTIk', 743, 197, 477, 262);
INSERT INTO `children` VALUES (823, 'BfxrfYCrgh', 'AQprdHYd2n', 791, 371, 120, 180);
INSERT INTO `children` VALUES (824, 'it1NWLZ4Da', '1SWYAj5vsX', 765, 844, 26, 967);
INSERT INTO `children` VALUES (825, 'GVlq87Srxq', 'tdjjxOV9eN', 460, 311, 647, 451);
INSERT INTO `children` VALUES (826, 'sW2Bnu4FxL', 'eyqQdOigGM', 60, 585, 959, 832);
INSERT INTO `children` VALUES (827, 'u6UyWCxMEc', 'VOou9oYtyz', 422, 278, 245, 930);
INSERT INTO `children` VALUES (828, 'fsYhoK1n87', '5YLuOZSXHg', 554, 802, 794, 78);
INSERT INTO `children` VALUES (829, 'U58ZuFZjHQ', 'nxvY67iWIu', 473, 666, 709, 860);
INSERT INTO `children` VALUES (830, 'rlIuhAXNbu', '6hKZeySdLj', 123, 463, 373, 891);
INSERT INTO `children` VALUES (831, 'PMnDPkVzpD', 'rsDMsie7sa', 336, 299, 645, 618);
INSERT INTO `children` VALUES (832, 'r8uS56teaQ', 'GuLeIM0DpW', 922, 881, 114, 398);
INSERT INTO `children` VALUES (833, 'lfysDTLufc', '9qkTZd1hAK', 68, 345, 509, 377);
INSERT INTO `children` VALUES (834, '1BTnYwJcIs', 'UO6QjwvIyW', 915, 20, 415, 368);
INSERT INTO `children` VALUES (835, 'D6DY1ktZdt', 'se3omnVm45', 941, 440, 45, 666);
INSERT INTO `children` VALUES (836, 'LnepTG16EO', 'eEIkLlkCr1', 601, 16, 690, 194);
INSERT INTO `children` VALUES (837, 'JvPKcOSHq1', 'RP2gU5wnaW', 152, 410, 202, 957);
INSERT INTO `children` VALUES (838, 'sOIqsL1I2H', 'Uwj7vi9fzX', 17, 868, 825, 313);
INSERT INTO `children` VALUES (839, 'qg77v1onqP', 'zWI0PkvGTq', 396, 800, 829, 361);
INSERT INTO `children` VALUES (840, 'bpjYIc1Wkf', '79n6woSGKi', 157, 971, 923, 960);
INSERT INTO `children` VALUES (841, 'FZelA7mMEH', 'P4R7JPA1Ng', 519, 708, 315, 764);
INSERT INTO `children` VALUES (842, 'iKvNJjNSY8', 'lByqBYuYnu', 710, 546, 217, 212);
INSERT INTO `children` VALUES (843, 'B7cMmgBqpG', 'E78vMUZouf', 706, 560, 921, 710);
INSERT INTO `children` VALUES (844, 'e7TayQLtJq', 'c9c86GnGkx', 690, 336, 736, 646);
INSERT INTO `children` VALUES (845, 'q5AckmGPGE', 'NUHaIPdz96', 923, 386, 174, 205);
INSERT INTO `children` VALUES (846, 'dVHhJlC1LV', '4sySTWjQjl', 673, 530, 216, 781);
INSERT INTO `children` VALUES (847, 'Smwmz3PfjE', 'a1NT2eOMG5', 849, 859, 326, 867);
INSERT INTO `children` VALUES (848, '5VvlJgeUmC', 'QNGc738WIU', 1, 87, 261, 891);
INSERT INTO `children` VALUES (849, 'TbwwdwqkHw', 'MoPZgyr4Im', 916, 379, 147, 363);
INSERT INTO `children` VALUES (850, 'lwq6R6FGTE', 'Uci1y4xfbi', 524, 212, 25, 286);
INSERT INTO `children` VALUES (851, 'F9qJIQy8b4', 'ZzBZaVGnT1', 535, 566, 693, 361);
INSERT INTO `children` VALUES (852, 'crG8pyrPr3', 'JfznsWb8hf', 764, 468, 777, 676);
INSERT INTO `children` VALUES (1006, '9ARK3YoS4y', 's7sgMhN1QD', 187, 888, 542, 140);
INSERT INTO `children` VALUES (1007, 'ZOKtMNGbRC', 'f2anE0BtKF', 0, 809, 433, 100);
INSERT INTO `children` VALUES (1008, 'QZhag4M7u3', 'JzT6sIxAOH', 2, 999, 675, 656);
INSERT INTO `children` VALUES (1009, 'h1Ezr68QIk', 'NLER6Hvz4f', 584, 150, 622, 112);
INSERT INTO `children` VALUES (1010, 'L27PXOrkOH', 'Tz87YvVLFP', 154, 251, 55, 693);
INSERT INTO `children` VALUES (1011, 'qPIiggLhw2', 'VtmP7sO2Z0', 732, 654, 574, 580);
INSERT INTO `children` VALUES (1012, 'psoJJpbyWC', 'LKoZjg5IxL', 242, 482, 252, 297);
INSERT INTO `children` VALUES (1013, 'cFeinBnU1W', 'pGM0AkLKYR', 860, 836, 806, 775);
INSERT INTO `children` VALUES (1014, 'ILdj6jgNrk', 'HxXBq95YGc', 649, 632, 774, 572);
INSERT INTO `children` VALUES (1015, '6yUsMEUA5y', 'XP84wv3D2F', 680, 884, 67, 310);
INSERT INTO `children` VALUES (1016, 'edlkKrxoeh', 'lCsr1AS01d', 315, 340, 1000, 302);
INSERT INTO `children` VALUES (1017, 'wcWqWhwtjO', 'XEXKdyyzc6', 901, 225, 172, 382);
INSERT INTO `children` VALUES (1018, 'At8j7YkCuA', 'FASuZ66Nw5', 297, 437, 607, 418);
INSERT INTO `children` VALUES (1019, '3fvYeTmlff', 'H4hhFrfZl0', 635, 787, 162, 43);
INSERT INTO `children` VALUES (1020, 'hTcPQozMyW', 'dBmJaSX8Rr', 823, 716, 959, 5);
INSERT INTO `children` VALUES (1021, '74E35GW56e', 'tTMVa6rPzr', 588, 332, 950, 200);
INSERT INTO `children` VALUES (1022, 'acVPzugJ5l', 'hCJYX6qlbh', 415, 421, 116, 196);
INSERT INTO `children` VALUES (1023, 'avT7BEArbu', 'eNzxYQbqj1', 763, 546, 543, 663);

-- ----------------------------
-- Table structure for rights
-- ----------------------------
DROP TABLE IF EXISTS `rights`;
CREATE TABLE `rights`  (
  `id` int NOT NULL AUTO_INCREMENT,
  `label` varchar(40) CHARACTER SET utf8 COLLATE utf8_general_ci NULL DEFAULT NULL,
  `key` varchar(40) CHARACTER SET utf8 COLLATE utf8_general_ci NULL DEFAULT NULL,
  `grade` int NULL DEFAULT NULL,
  `pagepermission` int NULL DEFAULT NULL,
  PRIMARY KEY (`id`) USING BTREE
) ENGINE = InnoDB AUTO_INCREMENT = 1022 CHARACTER SET = utf8 COLLATE = utf8_general_ci ROW_FORMAT = Dynamic;

-- ----------------------------
-- Records of rights
-- ----------------------------
INSERT INTO `rights` VALUES (1, '首页', '/home', 1, 1);
INSERT INTO `rights` VALUES (2, '用户管理', '/user', 1, 1);
INSERT INTO `rights` VALUES (8, '汽车管理', '/car', 1, 1);
INSERT INTO `rights` VALUES (15, '车辆租赁', '/rental', 1, 1);
INSERT INTO `rights` VALUES (21, '评价管理', '/appraise', 1, 1);
INSERT INTO `rights` VALUES (22, 'xLnQ1ohN7q', 'CiWVlDQOCg', 792, 824);
INSERT INTO `rights` VALUES (23, 'D7rNBhWPls', 'o6kPxZJPof', 298, 784);
INSERT INTO `rights` VALUES (24, '0CgthUIioe', 'eyJFiKyO1p', 628, 392);
INSERT INTO `rights` VALUES (25, 'VZgQIjfItE', 'Cv65uFBRB4', 997, 784);
INSERT INTO `rights` VALUES (26, '3mkTGo24u6', 'IwskniK3KL', 563, 212);
INSERT INTO `rights` VALUES (27, 'x3AlJLLB3Z', 'DUsm5fjOme', 620, 582);
INSERT INTO `rights` VALUES (28, 'wLz6rPnmf5', 'fnwZqDJevc', 519, 813);
INSERT INTO `rights` VALUES (29, 'EnAZaPnnWA', '16wumaZi5R', 546, 701);
INSERT INTO `rights` VALUES (30, 'jwPYDep28L', '6t1XAlHwlV', 743, 544);
INSERT INTO `rights` VALUES (31, 'IkNOIivSfz', 'JPtI8xN84e', 384, 685);
INSERT INTO `rights` VALUES (32, 'G98kZSVf8D', 'p3eDWQzV0u', 237, 703);
INSERT INTO `rights` VALUES (33, 'uhWClJzg7j', 'Rj4P1lrIRX', 504, 711);
INSERT INTO `rights` VALUES (34, 'onhbs0Aaw4', 'pNkI3Z2CF6', 233, 98);
INSERT INTO `rights` VALUES (35, 'fXFbRgA0GB', 'RBjVXi9NL2', 280, 415);
INSERT INTO `rights` VALUES (36, 'xXRKeIYRwv', '2uHlSPcthL', 878, 694);
INSERT INTO `rights` VALUES (37, '5xMeXIcNLt', 'gJJ2MuJd2v', 177, 18);
INSERT INTO `rights` VALUES (38, 'sVzUwhwInp', 'jiDtZ9mZtz', 686, 669);
INSERT INTO `rights` VALUES (39, 'QWxDSwcCem', 'JZkpygI0Hj', 911, 272);
INSERT INTO `rights` VALUES (40, 'fH66HaBvzM', 'f8WABKVzx9', 832, 805);
INSERT INTO `rights` VALUES (41, 'GbyPYjEFzt', 'rGKcoCj02f', 461, 145);
INSERT INTO `rights` VALUES (42, '8WSABAigCk', 'SPJYILWSNp', 94, 520);
INSERT INTO `rights` VALUES (43, 'E7uyY1pKFz', 'aAPqYw1moP', 634, 2);
INSERT INTO `rights` VALUES (44, 'MZPuB0dmGD', 'yqnU2M18I5', 542, 742);
INSERT INTO `rights` VALUES (45, 'qNHheE2C61', 'nU4KMx802l', 745, 169);
INSERT INTO `rights` VALUES (46, 'mdobDmYtNv', 'N3f7GKnyTZ', 963, 520);
INSERT INTO `rights` VALUES (47, 'nvXX82fG6u', 'ep6CA0sFZE', 194, 562);
INSERT INTO `rights` VALUES (48, 'vbZmgmTh6J', 'YGUejsNRnI', 607, 456);
INSERT INTO `rights` VALUES (49, 'XFj5ZIoGxj', 'INjS0H7CES', 803, 550);
INSERT INTO `rights` VALUES (50, 'zSWIaEJWDL', 'vHxFgHnLUV', 379, 384);
INSERT INTO `rights` VALUES (51, 'omYjwwrIPu', 'y9p3hrLFk6', 655, 398);
INSERT INTO `rights` VALUES (52, '3jMbxQBLus', 'jxWb2H7xV8', 457, 269);
INSERT INTO `rights` VALUES (53, '4vtv7pi6p2', 'U4RKy39h7h', 379, 461);
INSERT INTO `rights` VALUES (54, 'dxSkPY1UD9', 'afxwkZB9e5', 749, 704);
INSERT INTO `rights` VALUES (55, 'eCYUmAAiaC', 'zlejPd9BJH', 705, 902);
INSERT INTO `rights` VALUES (56, 'MPg0jErdny', 'ZhPwkqIvnH', 49, 738);
INSERT INTO `rights` VALUES (57, 'yBaqOtmV39', '8hWfawrodA', 155, 845);
INSERT INTO `rights` VALUES (58, 'IjlkV1ZWIS', 'o7JxieQKCa', 812, 39);
INSERT INTO `rights` VALUES (59, 'B9Pey8jjzB', 'V8Y7Fty2en', 803, 461);
INSERT INTO `rights` VALUES (60, 'r4Q4m5TDaM', 'ELqTQ7DUiL', 73, 186);
INSERT INTO `rights` VALUES (61, '4bmXqMlc6u', 'vuXJKm2Les', 752, 292);
INSERT INTO `rights` VALUES (62, 'a0KsCrNyvb', 'PoLPrZnDOE', 411, 979);
INSERT INTO `rights` VALUES (63, 'l89jgDOtLv', 'VNLWNLGciR', 189, 45);
INSERT INTO `rights` VALUES (64, 'jbl7z87D4X', 'TU3u9q8uAQ', 395, 673);
INSERT INTO `rights` VALUES (65, 'HJbfuEMjjk', 'tQzkqBflSd', 714, 162);
INSERT INTO `rights` VALUES (66, '7fORd9lzWp', 'LweZ2x2eEv', 482, 981);
INSERT INTO `rights` VALUES (67, 'PoywtnHfQa', '0OpQmky6j1', 378, 490);
INSERT INTO `rights` VALUES (68, 'S2SyX8zcWZ', '0NmW9yoHPA', 938, 866);
INSERT INTO `rights` VALUES (69, 'PRb4b5vPPA', '4j3cY6xWMA', 316, 373);
INSERT INTO `rights` VALUES (70, 'IGEXNl3hfO', 'B9Qn32Bg1P', 135, 390);
INSERT INTO `rights` VALUES (71, '2WIDd08uhg', 'shFWQCsb0r', 218, 889);
INSERT INTO `rights` VALUES (72, 'rqsFi5edSl', 'hBDaP1elZZ', 937, 215);
INSERT INTO `rights` VALUES (73, 'y0144O7S37', 'eYxDQ2UaXY', 196, 901);
INSERT INTO `rights` VALUES (74, 'uLlkw3Hdm6', '9zN5DAPqWr', 635, 91);
INSERT INTO `rights` VALUES (75, 'p78RASph9n', 'Kzs8hDSk2u', 574, 490);
INSERT INTO `rights` VALUES (76, 'rDQU2AYjvK', 'iZGdRdHhPI', 585, 297);
INSERT INTO `rights` VALUES (77, 'E4HiWMT6FW', 'mQ1WTu7joO', 888, 76);
INSERT INTO `rights` VALUES (78, '2JMkmhUjab', 'Ofq8XF8t5v', 559, 895);
INSERT INTO `rights` VALUES (79, 'FbIQ3yZilu', 'tcbIflpuC6', 676, 943);
INSERT INTO `rights` VALUES (80, 'ITr6UJkBFY', 'pO8lvFG5C4', 636, 602);
INSERT INTO `rights` VALUES (81, 'RfMpOVrtlZ', 'HzzOK1fiIY', 348, 917);
INSERT INTO `rights` VALUES (82, '1sRe6GugZ1', 'KQXYeoW1x3', 576, 497);
INSERT INTO `rights` VALUES (83, 'tC4QOSJRUl', '7H9h9hbF6Z', 376, 192);
INSERT INTO `rights` VALUES (84, 'KUlKP5b6sC', '1UZIuff05w', 109, 749);
INSERT INTO `rights` VALUES (85, 'YMEcz1p7Ps', '2w2PggjGJw', 651, 228);
INSERT INTO `rights` VALUES (86, '0rBJumrcrF', 'vOFWU7A8vh', 168, 385);
INSERT INTO `rights` VALUES (87, 'XzXXQVyf7l', 'LKasbJsnDK', 478, 681);
INSERT INTO `rights` VALUES (88, 'wz3iamfr4C', 'k9DmTuHpz0', 619, 349);
INSERT INTO `rights` VALUES (89, 'Qd2oQjs581', 'tn7lDdVIRn', 259, 43);
INSERT INTO `rights` VALUES (90, 'D76d216Ixo', 'XILKufRKCW', 217, 465);
INSERT INTO `rights` VALUES (91, 'jqi3rUDKci', 'N197jtp9ns', 217, 100);
INSERT INTO `rights` VALUES (92, 'nxTri3ld8T', 'OlxkKUggth', 322, 964);
INSERT INTO `rights` VALUES (93, 'o1T5aWTaMO', '2Fqra1x7Xm', 985, 773);
INSERT INTO `rights` VALUES (94, 'L6dMZCz19u', 'X7HLCsOYP2', 335, 269);
INSERT INTO `rights` VALUES (95, 'EY2UP9Sz38', 'CvP6DAtlaA', 620, 860);
INSERT INTO `rights` VALUES (96, 'CRA1Z90yWw', '23H6AapdC2', 503, 465);
INSERT INTO `rights` VALUES (97, '8xgMNyOyYy', 'RBa6liAUCL', 224, 557);
INSERT INTO `rights` VALUES (98, 'RG0lDsCcqw', 'Si5WTrpvOm', 720, 504);
INSERT INTO `rights` VALUES (99, 'yTOrfHhUoX', 'eCkeWIjBiz', 47, 529);
INSERT INTO `rights` VALUES (100, 'dk8jrhpPZB', 'Vh7LrTpTU4', 831, 469);
INSERT INTO `rights` VALUES (101, 'v89TfExIqR', 'YtueHLb9mt', 788, 139);
INSERT INTO `rights` VALUES (102, 'uj7fCFMAA5', 'AEHLBmgfX6', 147, 152);
INSERT INTO `rights` VALUES (103, 'h6h124Bzu6', 'goPDtmgCHH', 253, 69);
INSERT INTO `rights` VALUES (104, 'AKJgbC2OKt', '9UKqLVXdiz', 133, 110);
INSERT INTO `rights` VALUES (105, 'uz10P53qO1', 'jo55GkzN6x', 329, 732);
INSERT INTO `rights` VALUES (106, 'WSHzJNIHvn', 'M4TJsusdjk', 434, 896);
INSERT INTO `rights` VALUES (107, 'rxX4NN7vfS', 'pV7TxQP6ob', 207, 202);
INSERT INTO `rights` VALUES (108, 'Gokm4RTH0n', 'BUvNd6WFTm', 718, 779);
INSERT INTO `rights` VALUES (109, 'rdz9Hy9flc', 'XF25IQf9JW', 73, 670);
INSERT INTO `rights` VALUES (110, '8B6WukbpAP', 'XaTi3qpnJk', 158, 516);
INSERT INTO `rights` VALUES (111, 'GPeFOIy2Gh', '01vaD3JSUM', 221, 505);
INSERT INTO `rights` VALUES (112, 'bF51xEb0IP', '9qjfHr2gTH', 666, 820);
INSERT INTO `rights` VALUES (113, 'SNvujMJ6pf', '9AOjNUUw8Z', 191, 526);
INSERT INTO `rights` VALUES (114, 'fDUnPqt7CQ', 'Om5A0cM91a', 804, 847);
INSERT INTO `rights` VALUES (115, 'kh2cNRAwGn', 'EiGHoV93HB', 84, 349);
INSERT INTO `rights` VALUES (116, '6HhFnr6qw4', 'C8eiMXWodR', 414, 642);
INSERT INTO `rights` VALUES (117, 'jwHzLFXiBW', 'vnX8FWrPkK', 825, 949);
INSERT INTO `rights` VALUES (118, 'eKOmuMcI3R', '6p7SADqMqc', 711, 12);
INSERT INTO `rights` VALUES (119, '6J0pGr3WDM', 'V7d3gw6k8j', 517, 834);
INSERT INTO `rights` VALUES (120, 'Uh1NyhewNW', 'TLXFEF1fzU', 540, 486);
INSERT INTO `rights` VALUES (121, 'yMCTXZIZrD', '036bgd7J1a', 706, 637);
INSERT INTO `rights` VALUES (122, '3rjFoh75bx', 'x39YbzjUBm', 826, 392);
INSERT INTO `rights` VALUES (123, 'ui4Z8877Ru', 'bXofz4VAyo', 753, 991);
INSERT INTO `rights` VALUES (124, 'w2fSlOK5EC', 'eBYYDAKq99', 551, 750);
INSERT INTO `rights` VALUES (125, 'EUaOEo8axE', '92w5cxAsgr', 105, 882);
INSERT INTO `rights` VALUES (126, 'TVgS77Aszh', 'ia4oyJMfBz', 514, 995);
INSERT INTO `rights` VALUES (127, 'GcW6RBbUrp', 'AyU2tuHVyF', 474, 693);
INSERT INTO `rights` VALUES (128, 'oGGFisnHdN', 'CO3Q6omRUp', 31, 242);
INSERT INTO `rights` VALUES (129, '7M7bC8lZBA', 'qxHbtYbRWq', 443, 872);
INSERT INTO `rights` VALUES (130, 'zmtiQuOWji', 'nD5G8BdVbM', 87, 951);
INSERT INTO `rights` VALUES (131, 'ygykEjkmor', 'CIiuObeSIy', 583, 111);
INSERT INTO `rights` VALUES (132, 'FKq51ZY5gr', 'm6jX6USI15', 898, 741);
INSERT INTO `rights` VALUES (133, 'WecmNTcR2N', 'oFkxAXo12o', 638, 529);
INSERT INTO `rights` VALUES (134, 'AENSzYtJk1', 'kPylmFWzs2', 947, 993);
INSERT INTO `rights` VALUES (135, 'X5L8iDAtHx', 'nCyYMqSziQ', 241, 142);
INSERT INTO `rights` VALUES (136, 'u8lyYBKTDA', '3M5pFAvPGF', 124, 384);
INSERT INTO `rights` VALUES (137, 'JBLJJSkvEX', 'UIWhVPdrJT', 466, 367);
INSERT INTO `rights` VALUES (138, 'XgNB3NABdd', 'LfsX8nOrva', 766, 629);
INSERT INTO `rights` VALUES (139, 'UzCyOEE2t8', '0d8fPN1zdR', 99, 495);
INSERT INTO `rights` VALUES (140, 'WI4TjzkSIS', 'ZQCiEDxxFt', 426, 931);
INSERT INTO `rights` VALUES (141, '2VoUvhXcm4', 'R1QtPGXitC', 877, 930);
INSERT INTO `rights` VALUES (142, '6MNd05uBfo', 'UNZb1b1lnG', 850, 90);
INSERT INTO `rights` VALUES (143, 'Wz1OKhQg2n', 'KgRm7M0Mgz', 50, 695);
INSERT INTO `rights` VALUES (144, 'yomFQn2p8l', 'DYtlTcL0CP', 128, 993);
INSERT INTO `rights` VALUES (145, 'JtZxmRmS1s', 'fUeNwEOvLv', 921, 965);
INSERT INTO `rights` VALUES (146, '67LQqVe0ig', 'fGmi0gWDhJ', 958, 77);
INSERT INTO `rights` VALUES (147, 'WzgomRN0E3', 'PohNW0tYwy', 13, 301);
INSERT INTO `rights` VALUES (148, 'esbSut7asp', '5LKPdwreXW', 583, 578);
INSERT INTO `rights` VALUES (149, 'CS5L7I1JCl', '7XFJScbW6p', 822, 414);
INSERT INTO `rights` VALUES (150, '5Op43yGVTx', 'lies9wB6dm', 788, 769);
INSERT INTO `rights` VALUES (151, 'NSLUPD3bG5', 'm3Ek3DkRi5', 723, 932);
INSERT INTO `rights` VALUES (152, 'vMS6vJKGe3', 'vtkq89Cx1B', 910, 836);
INSERT INTO `rights` VALUES (153, 'Jv3VZV5xkk', 'FfI5xik1nE', 483, 226);
INSERT INTO `rights` VALUES (154, 'REvcIDO0iL', '0ojd1iQd1T', 989, 909);
INSERT INTO `rights` VALUES (155, 'a2LJmbAOhj', 'MzKrvibJYO', 162, 832);
INSERT INTO `rights` VALUES (156, 'NMzIS0X9Fw', 'acK0Ae7OWd', 589, 900);
INSERT INTO `rights` VALUES (157, 'vjriubtckV', 'XOENUBGfqN', 296, 451);
INSERT INTO `rights` VALUES (158, '1dDebmacn0', 'cEBUwQfokO', 760, 499);
INSERT INTO `rights` VALUES (159, 'N8JpM69LJr', 'X4V3kNnoet', 527, 64);
INSERT INTO `rights` VALUES (160, 'ZL8SEPfcKY', 'KewiI4PXTZ', 965, 867);
INSERT INTO `rights` VALUES (161, 'VQ708coHJ2', 'v7SWCrafjF', 880, 966);
INSERT INTO `rights` VALUES (162, '9c9r8DZoBd', 'hk8RGU777K', 902, 604);
INSERT INTO `rights` VALUES (163, 'z0Jf7AQV0a', 'nPIQ34kdzB', 329, 625);
INSERT INTO `rights` VALUES (164, 'bQNaJYRUNi', 'f5zdilub2F', 778, 722);
INSERT INTO `rights` VALUES (165, 'IqyQK3SCxa', 'gMt8wMEJPQ', 54, 368);
INSERT INTO `rights` VALUES (166, 'NLUVkJKlDt', 'fx5jZyrKtG', 106, 922);
INSERT INTO `rights` VALUES (167, '3wD8SWyRZL', 'bY6EqmVgFV', 937, 207);
INSERT INTO `rights` VALUES (168, 'YbR0lshV1k', 'PzsXVtrWrw', 873, 199);
INSERT INTO `rights` VALUES (169, 'drdXlJYPLX', 'ZZ4Lej1WA3', 297, 827);
INSERT INTO `rights` VALUES (170, 'eBc7DxCdAR', 'ZXloXwa0c4', 624, 892);
INSERT INTO `rights` VALUES (171, 'brlw4yhwY6', '070HlGdUy1', 963, 944);
INSERT INTO `rights` VALUES (172, 'prdEMXmbcR', 'u02w9TTrLv', 389, 640);
INSERT INTO `rights` VALUES (173, 'p6zoEehTqt', 'BWLYSZ6Jlr', 873, 839);
INSERT INTO `rights` VALUES (174, 'Zzh48IbR5G', 'vDoBl6By4c', 507, 72);
INSERT INTO `rights` VALUES (175, 'UbCzY1IOoH', 'SOIGQLDliV', 237, 787);
INSERT INTO `rights` VALUES (176, 'FOkfZHWWPn', 'Q7AzYbx54g', 203, 325);
INSERT INTO `rights` VALUES (177, 'MIJ7FaXKqe', '7NSqnmr1Zz', 319, 492);
INSERT INTO `rights` VALUES (178, 'dUaIFu1heC', 'Kd5334jCT6', 4, 658);
INSERT INTO `rights` VALUES (179, 'MfqhAaGMY2', 'iDwL6PtwLB', 438, 138);
INSERT INTO `rights` VALUES (180, 'AEW6e6Qu1g', '3A9gOUcrFK', 37, 486);
INSERT INTO `rights` VALUES (181, 'AvbClR6SfC', 'dlIGVKPlEH', 135, 560);
INSERT INTO `rights` VALUES (182, 'JjYyIM5snE', 'VfJPNdZpjb', 54, 372);
INSERT INTO `rights` VALUES (183, '8jpTa6WtZ2', 'WHrqHdO9Dy', 519, 108);
INSERT INTO `rights` VALUES (184, 'HYzr6av86B', '0rxnzqUZ2C', 684, 28);
INSERT INTO `rights` VALUES (185, 'Bt0b3bgnXH', 'tObryMZPwt', 221, 906);
INSERT INTO `rights` VALUES (186, 'DayZ7oOfkH', '0OhK0pIWvV', 788, 109);
INSERT INTO `rights` VALUES (187, 'f4Njhlxadk', 'x2iP97bmHh', 676, 721);
INSERT INTO `rights` VALUES (188, 'hSPBTnP2q2', '4x4Z8A9U7W', 576, 570);
INSERT INTO `rights` VALUES (189, '1o0ifUxMSR', 'rZUuFdToaF', 256, 447);
INSERT INTO `rights` VALUES (190, '8AoXBHKDFY', 'pvXsZhU64f', 918, 793);
INSERT INTO `rights` VALUES (191, 'DmKYuLCW5o', 'wGuxHOlavS', 239, 452);
INSERT INTO `rights` VALUES (192, '3BByecClXf', 'bchOe3hNQV', 164, 428);
INSERT INTO `rights` VALUES (193, 'qEyFMhNQJd', 'nHihtQy6QT', 289, 910);
INSERT INTO `rights` VALUES (194, '1Ue7eEZh17', 'GrqLWDVJyC', 4, 621);
INSERT INTO `rights` VALUES (195, 'cs63L9pxNy', 'EO3uO7T3u5', 867, 409);
INSERT INTO `rights` VALUES (196, '83ttLrEd9D', 'U8o6zxzL9C', 703, 495);
INSERT INTO `rights` VALUES (197, 'nJvXwQn9i8', 'UagEUsHbjA', 175, 174);
INSERT INTO `rights` VALUES (198, 'FkhxGaR8qk', 'YXhU7fdX63', 612, 959);
INSERT INTO `rights` VALUES (199, 'pNGAw2Oj8J', '3DVzFpnUyF', 57, 432);
INSERT INTO `rights` VALUES (200, 'WNt3NW1zHA', 'D6ugjLoW2l', 101, 330);
INSERT INTO `rights` VALUES (201, 'y30nOgXvhM', 'g5aYZRGijc', 548, 334);
INSERT INTO `rights` VALUES (202, 'Y7IfbfSh2f', 'CB86wEV6xU', 40, 417);
INSERT INTO `rights` VALUES (203, 'RS00i7d8LK', 'ps4QCXG1QC', 983, 63);
INSERT INTO `rights` VALUES (204, '7eHtJJ1yGx', 'iqrD7re67I', 627, 188);
INSERT INTO `rights` VALUES (205, 'r217jMwpIs', 'RozqYVaa3g', 339, 504);
INSERT INTO `rights` VALUES (206, 'yAHQkL9nwg', 'WklCmZVOHv', 383, 946);
INSERT INTO `rights` VALUES (207, 's5h4sEZ8S0', 'SKZ1IhxMbu', 544, 543);
INSERT INTO `rights` VALUES (208, 'pE7E5gqy2F', 'HF9qahX59v', 42, 387);
INSERT INTO `rights` VALUES (209, 'UMTRBu7eUK', '333Fe8CrmF', 53, 304);
INSERT INTO `rights` VALUES (210, 'rLVNXzZTaE', 'P4cwvG2Zma', 866, 267);
INSERT INTO `rights` VALUES (211, 'aYpZzHwDhi', 'gyCjCfi8DS', 799, 687);
INSERT INTO `rights` VALUES (212, 'B8yU6FNjXk', 'UaO9lHei2s', 887, 766);
INSERT INTO `rights` VALUES (213, 'Hb4kY8jSFe', 'dsWe8A1REv', 901, 474);
INSERT INTO `rights` VALUES (214, '7diLjdrG2u', 'rGbLkLed9c', 968, 801);
INSERT INTO `rights` VALUES (215, 'D8zbBJhP2b', 'aP4zSlqAv8', 343, 899);
INSERT INTO `rights` VALUES (216, 'ovOLMGbPH3', 'SVKt3nPEMU', 120, 718);
INSERT INTO `rights` VALUES (217, 'xsM2WLAWdn', 'EpT6trYM8P', 692, 646);
INSERT INTO `rights` VALUES (218, 'WZAJKOHa1c', 'UtO1GEz7Sn', 490, 428);
INSERT INTO `rights` VALUES (219, 'jfaEQOiNnX', 'cjmEQhxsdC', 807, 155);
INSERT INTO `rights` VALUES (220, 'AAKTODQTcu', 'ncNueOZkTJ', 826, 81);
INSERT INTO `rights` VALUES (221, 'jCjQ61IWhN', 'j8nIBYjCjs', 668, 236);
INSERT INTO `rights` VALUES (222, 'T2iZNIXQbQ', 'iIdiNpwiVl', 881, 778);
INSERT INTO `rights` VALUES (223, 'cC6rN0F5tU', '2PX9JJDub1', 329, 801);
INSERT INTO `rights` VALUES (224, 'mgGLTQaCUd', 'KHCB2eqSA8', 619, 832);
INSERT INTO `rights` VALUES (225, 'OmmVatKbc5', '506unYXhfp', 972, 810);
INSERT INTO `rights` VALUES (226, 'zvCUuorx6f', 'wpVnF4EBxF', 286, 501);
INSERT INTO `rights` VALUES (227, 'Yu6e2d8REb', 'sYWNFlq74Y', 672, 978);
INSERT INTO `rights` VALUES (228, 'XZebBCGDSQ', 'Qs6Nupt9EJ', 177, 83);
INSERT INTO `rights` VALUES (229, 'Sao5P9dEzO', '8F5F68MeVo', 471, 665);
INSERT INTO `rights` VALUES (230, 'OGKKtbOS7D', 'KWOw16k6DT', 746, 33);
INSERT INTO `rights` VALUES (231, 'FFAX60BX2G', 'CW4WLYpRgF', 586, 740);
INSERT INTO `rights` VALUES (232, '2orBotE2jU', '5pwm25McJN', 893, 254);
INSERT INTO `rights` VALUES (233, 'h1y6lMsJKu', 'MF9h3Kd8Vk', 646, 103);
INSERT INTO `rights` VALUES (234, '7PPN5mvDwe', 'nrONoVHFFD', 341, 849);
INSERT INTO `rights` VALUES (235, 'dFAwW3DTsG', 'JPavHpdSWk', 60, 872);
INSERT INTO `rights` VALUES (236, '4EAQmrjMuR', 'hEX2gA6rsW', 137, 478);
INSERT INTO `rights` VALUES (237, 'C7TtVMwD3W', 'X1WcpPZJ6s', 638, 815);
INSERT INTO `rights` VALUES (238, 'FpckTTtmoH', 'QJ9TaUHVVC', 577, 614);
INSERT INTO `rights` VALUES (239, 'UVf3bu72ZA', '06hsdtGoRO', 732, 659);
INSERT INTO `rights` VALUES (240, 'IlA3q4CDlH', '6unHqCh4Xr', 967, 612);
INSERT INTO `rights` VALUES (241, 'uUgl5x0HX5', 'lpFWFAcYlI', 100, 495);
INSERT INTO `rights` VALUES (242, 'xVIuUfwtLs', 'D2BI2jSVc1', 634, 473);
INSERT INTO `rights` VALUES (243, 'VbykrUIsG3', 'Sx24jcEOWK', 758, 225);
INSERT INTO `rights` VALUES (244, 'nwrDirY83G', 'feehMvOyBG', 359, 341);
INSERT INTO `rights` VALUES (245, '7lYkBlxhq7', 'VFcmDxscAi', 317, 42);
INSERT INTO `rights` VALUES (246, '7vL6rafC2M', 'juCOLMvah1', 836, 528);
INSERT INTO `rights` VALUES (247, '5L1uFMeyaN', 'EUkjPqi8XC', 231, 330);
INSERT INTO `rights` VALUES (248, 'faI3KUBuJz', 'trYqTZjtti', 921, 678);
INSERT INTO `rights` VALUES (249, '8F0DiLYVdz', 'Pu0YmDxyn1', 775, 995);
INSERT INTO `rights` VALUES (250, 'qeVT0YjAwL', '5rYfhiyatZ', 628, 331);
INSERT INTO `rights` VALUES (251, 'fwqPP6sffD', '11wMXukZ43', 159, 141);
INSERT INTO `rights` VALUES (252, '8e0Fn7DHQE', 'fXjO09FSZc', 486, 788);
INSERT INTO `rights` VALUES (253, '8RZzG5A6Fa', '1nwOhZUIbL', 92, 608);
INSERT INTO `rights` VALUES (254, '9osANG2p7G', 'MEXjHZ3z7Y', 179, 745);
INSERT INTO `rights` VALUES (255, 'VD0ctdcosg', 'Odu7j7VGBu', 200, 68);
INSERT INTO `rights` VALUES (256, 'MNKfc1rZpG', 'VHgbPnkzgf', 231, 510);
INSERT INTO `rights` VALUES (257, '7TSA1DU5XQ', 'dx6TppT1Kd', 896, 571);
INSERT INTO `rights` VALUES (258, '0C3wQiE9Tk', 'DHx7IkCDzh', 696, 827);
INSERT INTO `rights` VALUES (259, 'rb3chJgd5K', 'Jj2YCMxEZe', 872, 898);
INSERT INTO `rights` VALUES (260, 'aB1qpv6aM7', 'tZmebRWBJY', 845, 224);
INSERT INTO `rights` VALUES (261, 'Mv6FZuZN3S', '65yBNcKYmA', 368, 806);
INSERT INTO `rights` VALUES (262, 'G3JhB5PIAC', 'KsCfOSsH1v', 103, 717);
INSERT INTO `rights` VALUES (263, 'wWeEB2fGyu', '8o46Nbwc0j', 718, 600);
INSERT INTO `rights` VALUES (264, 'bKMxFutgkQ', 'icsOaBZhD3', 13, 965);
INSERT INTO `rights` VALUES (265, '1MX7ap4rCr', 'khod9Fq7z6', 149, 984);
INSERT INTO `rights` VALUES (266, 'ZYIaSGB8La', '3WEt0WObiH', 983, 844);
INSERT INTO `rights` VALUES (267, 'd4ZsD0d4cf', 'LVWHC6kJX9', 46, 348);
INSERT INTO `rights` VALUES (268, 'EeDuLpN63P', 'rnGkEu2blM', 737, 494);
INSERT INTO `rights` VALUES (269, 'sJl4YMOqCf', 'OD54vSJUg3', 999, 212);
INSERT INTO `rights` VALUES (270, 'W7DBDfGxR6', 'AUFIKW8RHq', 305, 954);
INSERT INTO `rights` VALUES (271, 'UKX9FaUREQ', 'C04w9p0VBV', 776, 15);
INSERT INTO `rights` VALUES (272, 'cyB8RHlaha', 'tLfNuHfjHg', 81, 666);
INSERT INTO `rights` VALUES (273, 'pJVQbqDn5i', 'J9blsOIqk7', 55, 936);
INSERT INTO `rights` VALUES (274, 'V2WE1qMOM2', 'gqA1aR5wDI', 999, 441);
INSERT INTO `rights` VALUES (275, 'ZsTqt9KpeP', 'se0I5ooruM', 285, 554);
INSERT INTO `rights` VALUES (276, 'FAEiXxZpkD', 'nNLJw6IE3c', 169, 956);
INSERT INTO `rights` VALUES (277, 'E3T6vsUSUB', 'VdHqWzE4tH', 16, 676);
INSERT INTO `rights` VALUES (278, 'C49xWReNtL', 'i1C8naT9q4', 364, 719);
INSERT INTO `rights` VALUES (279, '0NE9Fn786q', 'PU4ynQrEXN', 198, 51);
INSERT INTO `rights` VALUES (280, 'S1XcIe7vuv', 'p8tAwJSu8h', 769, 549);
INSERT INTO `rights` VALUES (281, 'N7FHM1b6nU', '1zyPIfNld7', 845, 704);
INSERT INTO `rights` VALUES (282, 'IEjGkpNHdb', 'W2rlPtMxh1', 367, 635);
INSERT INTO `rights` VALUES (283, 'rXtA65OjP0', '6HUCwyx7EJ', 123, 171);
INSERT INTO `rights` VALUES (284, 'CB6aUPuMow', 'WZZVaKvz1E', 30, 204);
INSERT INTO `rights` VALUES (285, 'xx7Ofppw34', 'y5jmr8qj5i', 697, 584);
INSERT INTO `rights` VALUES (286, 'uZyS96ibgf', 'f9BOkc9xFh', 112, 486);
INSERT INTO `rights` VALUES (287, 'buBLRkxa3k', 'gsBm4bNwY2', 283, 236);
INSERT INTO `rights` VALUES (288, 'GP0LAETAHa', '0iQaTqHWAN', 792, 261);
INSERT INTO `rights` VALUES (289, '8BNoREYSJc', '7JVvqYIscq', 920, 902);
INSERT INTO `rights` VALUES (290, 'AHUA4Bdct9', 'rnqYIoAjOz', 524, 198);
INSERT INTO `rights` VALUES (291, '8zhMHw0NbH', 'fCjQ26ua37', 474, 711);
INSERT INTO `rights` VALUES (292, 'oQRmhKWVkq', 'afxKdC49S1', 401, 966);
INSERT INTO `rights` VALUES (293, 'cnB6wOceje', 'Z2ikzrng65', 836, 540);
INSERT INTO `rights` VALUES (294, 'vBMEVbY5n1', 'yPxv2IsPX1', 841, 74);
INSERT INTO `rights` VALUES (295, 'Q6lo725tjy', 'UwrUbVPULB', 340, 291);
INSERT INTO `rights` VALUES (296, 'CRlKfM4krf', 'yL2CqrPfLI', 987, 152);
INSERT INTO `rights` VALUES (297, 'h168CFVY5M', 'ORAyl6RXQo', 47, 69);
INSERT INTO `rights` VALUES (298, 'bKG9jmTWxy', 'OxR8EusfG6', 231, 640);
INSERT INTO `rights` VALUES (299, '8y8Ge4oqBx', 'GwfroAHC3x', 127, 479);
INSERT INTO `rights` VALUES (300, 'adwcoyS5Px', 'mSqK7XkCSy', 374, 603);
INSERT INTO `rights` VALUES (301, 'KqVydr7e8u', 'tsG0NxRHjF', 209, 731);
INSERT INTO `rights` VALUES (302, 'ypoZZs9IzF', 'EtBsWqY8KU', 336, 330);
INSERT INTO `rights` VALUES (303, 'UTLChTi7OJ', 'VuhKewaC1W', 672, 175);
INSERT INTO `rights` VALUES (304, 'bvZ1rwwf3f', 'Gt1MuojM25', 271, 406);
INSERT INTO `rights` VALUES (305, 'VISBXDgtW6', 'TG0wyW6HH8', 156, 814);
INSERT INTO `rights` VALUES (306, 'al4CM7zNXf', 'q3z1sfVtGD', 405, 113);
INSERT INTO `rights` VALUES (307, 'aflXsXL15K', 'DwWfiwM4UT', 777, 59);
INSERT INTO `rights` VALUES (308, 'aJJEphdAsl', 'nenyzf5ppb', 835, 96);
INSERT INTO `rights` VALUES (309, 'veerQjS9dO', 'qUn3dwhb2E', 638, 641);
INSERT INTO `rights` VALUES (310, '986RFqnBGJ', 'Zv143Zh3RE', 979, 420);
INSERT INTO `rights` VALUES (311, '53VGsTcvZg', 'BpEACH9AgP', 734, 923);
INSERT INTO `rights` VALUES (312, 'EZGWDEm18a', 'RZz8Ho5rdL', 407, 767);
INSERT INTO `rights` VALUES (313, '2mpXxUIW5i', 'jW9PKNXeLQ', 71, 559);
INSERT INTO `rights` VALUES (314, 'k778Ur2Fph', 'lyOg64SoG8', 52, 291);
INSERT INTO `rights` VALUES (315, 'mcpdTNP2wu', '2j0e4w2kRm', 946, 442);
INSERT INTO `rights` VALUES (316, 'AxY9DS0IA7', '8mkhxlOlur', 885, 181);
INSERT INTO `rights` VALUES (317, '4uEItvPMtg', 'ajvg27v7bR', 937, 290);
INSERT INTO `rights` VALUES (318, 'ptwf1PIVvb', 'tub4236ugX', 835, 66);
INSERT INTO `rights` VALUES (319, '1d4xz1dViU', 'tQ0ia76H61', 850, 692);
INSERT INTO `rights` VALUES (320, 'ssJY7TyB9f', 'S8cP9JQkgI', 756, 599);
INSERT INTO `rights` VALUES (321, 'c53UckU8yP', 'MakJaySQ6n', 516, 842);
INSERT INTO `rights` VALUES (322, 'OJiXasUukj', 'nL8BhyFu2r', 109, 722);
INSERT INTO `rights` VALUES (323, 'AdVMG2ODxC', 'ai7f6L1fO8', 380, 13);
INSERT INTO `rights` VALUES (324, 'jrt3ORNwO1', '6OO8IHfWLB', 681, 475);
INSERT INTO `rights` VALUES (325, 'JfbhGEo2di', 'QxpKtGO5zR', 148, 426);
INSERT INTO `rights` VALUES (326, 'GVaXP7R72O', 'dEf75sBj6m', 237, 328);
INSERT INTO `rights` VALUES (327, 'jo8aZ3w0ZE', 'JuGjSN3yTr', 125, 915);
INSERT INTO `rights` VALUES (328, 'YVw7QyS0PA', 't4bju8W11U', 692, 544);
INSERT INTO `rights` VALUES (329, 'VoN64l77ec', '7AZfdKITLd', 109, 847);
INSERT INTO `rights` VALUES (330, 'N7tmU2euBK', 'bfVqICsBWE', 397, 823);
INSERT INTO `rights` VALUES (331, 'EtYSNPnkDx', 'MNGlas6R6l', 780, 387);
INSERT INTO `rights` VALUES (332, '89i2iSqgJ5', '106mV1Bx0c', 745, 694);
INSERT INTO `rights` VALUES (333, '1nJyBDqSMn', '405y9bEglI', 626, 523);
INSERT INTO `rights` VALUES (334, 'AjelBosWOb', '25TcJnuRh4', 307, 660);
INSERT INTO `rights` VALUES (335, 't3SDR9NPZV', 'vcwvaKusDv', 506, 101);
INSERT INTO `rights` VALUES (336, 'zJ9YXVhx3m', 'g9r0teuoEV', 141, 107);
INSERT INTO `rights` VALUES (337, '0x2iZdnNuv', 'SlYnOS4m5L', 41, 194);
INSERT INTO `rights` VALUES (338, 'wKQ3IQrSkJ', 'Il6PRuzXDo', 266, 328);
INSERT INTO `rights` VALUES (339, 'QyslZo5DxR', '1DczfKGOY0', 736, 571);
INSERT INTO `rights` VALUES (340, 'RjP9uJShWG', 'x6QpzjcuVa', 290, 681);
INSERT INTO `rights` VALUES (341, 'DHxmEBoGNm', 'pLjfTfVdhg', 655, 21);
INSERT INTO `rights` VALUES (342, 'Rv8uss34PT', 'QGUoyQPR7g', 1, 340);
INSERT INTO `rights` VALUES (343, 'DmEBTayWBB', 'yeOS4suMN4', 701, 75);
INSERT INTO `rights` VALUES (344, 'JGawhNYNxQ', 'Na6gSOGm15', 285, 969);
INSERT INTO `rights` VALUES (345, 'Xkwk7d6rbT', 'TmXlkjStON', 674, 893);
INSERT INTO `rights` VALUES (346, 'dsN33MBERa', '4qbe19uqHD', 3, 808);
INSERT INTO `rights` VALUES (347, 'AyyuUH7h1P', 'NlrfP1VMrC', 644, 539);
INSERT INTO `rights` VALUES (348, 'yG0GHuMDs2', 'pWDbJKOG61', 960, 135);
INSERT INTO `rights` VALUES (349, 'DRYBDA3KoU', 'MnLdyNaKSu', 405, 685);
INSERT INTO `rights` VALUES (350, 'pjpJNsgc9P', 'UBtEUZTV0K', 86, 514);
INSERT INTO `rights` VALUES (351, 'lj3amzJoKW', 'MEH5tUZ50O', 360, 725);
INSERT INTO `rights` VALUES (352, 'Z4JNkVKPyl', 'RJPwOyw5sR', 870, 958);
INSERT INTO `rights` VALUES (353, 'yxiJnoW5P3', 'Vh2erEmc2o', 631, 629);
INSERT INTO `rights` VALUES (354, 'S2TsSkcp4w', 'MFdi3mcwYN', 305, 446);
INSERT INTO `rights` VALUES (355, 'heQOuwUe5y', '7kyYVr3RdS', 744, 243);
INSERT INTO `rights` VALUES (356, 'S05Ta5WtAI', 'sCTjyWRV1w', 565, 140);
INSERT INTO `rights` VALUES (357, 'et0qtnaN6A', 'jltfgS7H1Y', 923, 812);
INSERT INTO `rights` VALUES (358, 't26pE6PhmA', 'FZnUQraSaH', 842, 170);
INSERT INTO `rights` VALUES (359, 'JfXaWiSSsH', '82ky0JTkqh', 768, 344);
INSERT INTO `rights` VALUES (360, 'Etrjc2nwNC', 'xOEjVFxubX', 283, 308);
INSERT INTO `rights` VALUES (361, 'KUi3esuzhp', 'Yw9Vkw2rds', 261, 110);
INSERT INTO `rights` VALUES (362, 'wQmH5sIIHb', '0kYUtME8HC', 809, 135);
INSERT INTO `rights` VALUES (363, 'EUV8wgadcH', 'AHqWNBTSAH', 905, 848);
INSERT INTO `rights` VALUES (364, 'mI9Ot9OVnl', 'ucW3rAEirF', 366, 243);
INSERT INTO `rights` VALUES (365, 'BrLra7dsU4', 'M7rppLDovI', 182, 878);
INSERT INTO `rights` VALUES (366, '9b6fJxoYUN', 'mAN23otnl8', 905, 684);
INSERT INTO `rights` VALUES (367, 'ea2TjG4PQA', 'IKapsCUrA1', 302, 977);
INSERT INTO `rights` VALUES (368, '84YfTvcpfC', 'riGUAbFWB4', 843, 403);
INSERT INTO `rights` VALUES (369, 'Kf0MAJCQ9Y', '8PCTmz0J8c', 806, 507);
INSERT INTO `rights` VALUES (370, 'Et0GiJoA0P', 'BS2yQiBmtL', 346, 223);
INSERT INTO `rights` VALUES (371, 'H0YBHOY3wV', 'Efzhz0yreZ', 467, 472);
INSERT INTO `rights` VALUES (372, 'zHrzyWZ9Dl', 'xZlPSKwx11', 305, 378);
INSERT INTO `rights` VALUES (373, 'ForsVXVsiQ', 'l5qy6E6zzf', 208, 95);
INSERT INTO `rights` VALUES (374, 'GffeAdpJ8e', 'lzFWVapUK0', 585, 752);
INSERT INTO `rights` VALUES (375, 'PnEI2dGanC', 'gIOFieOYvE', 212, 67);
INSERT INTO `rights` VALUES (376, 'FzrJhePzeg', 'U8tE4RqUMr', 587, 513);
INSERT INTO `rights` VALUES (377, 'ijyVv9vkO5', 'eLSJWCy5Vx', 443, 762);
INSERT INTO `rights` VALUES (378, 'Pn60HO17dZ', 'NRzr1t5tHX', 418, 658);
INSERT INTO `rights` VALUES (379, 'm9V8BO0VzB', '4sGpUXFuqx', 724, 590);
INSERT INTO `rights` VALUES (380, 'T5EY8JKw9v', 'v9gE2OVZAA', 420, 416);
INSERT INTO `rights` VALUES (381, 'wngIuVACA0', '5WPQSr6PiO', 295, 787);
INSERT INTO `rights` VALUES (382, 'Sdioom3wix', 'mfhh0s7utX', 776, 94);
INSERT INTO `rights` VALUES (383, 'YVbxQlhNNQ', 'DqQeHIEwYA', 878, 513);
INSERT INTO `rights` VALUES (384, '5u7POzA2zS', '56QxSXWwss', 494, 702);
INSERT INTO `rights` VALUES (385, '2VLj9WB2h2', 'HYVZWi4Hlo', 962, 902);
INSERT INTO `rights` VALUES (386, 'dsTlnebEZI', '2QEQCMblb6', 680, 461);
INSERT INTO `rights` VALUES (387, 'INHrf7KhEE', 'rlg3d9eJIh', 293, 877);
INSERT INTO `rights` VALUES (388, 'VmlPC1cJIQ', 'S5cdKQXhUi', 13, 925);
INSERT INTO `rights` VALUES (389, 'PAlyOh03yR', 'RGsJcpho85', 484, 639);
INSERT INTO `rights` VALUES (390, 'atH0IMFUmg', 'ULzv0mTIbg', 158, 824);
INSERT INTO `rights` VALUES (391, 'XQFWEKVeDn', 'EDkdGzSKnQ', 988, 933);
INSERT INTO `rights` VALUES (392, '6id6HGIjSN', 'XztuwNTjec', 406, 972);
INSERT INTO `rights` VALUES (393, 'LhqRteiyNK', 'lqmryPondo', 898, 685);
INSERT INTO `rights` VALUES (394, 'xmaLJoFoY3', 'k2j0uUGYFN', 149, 150);
INSERT INTO `rights` VALUES (395, '2brISIgNiK', 'gBCjJfijrc', 364, 50);
INSERT INTO `rights` VALUES (396, '36LKsvi5sB', '7sifanzLPP', 974, 408);
INSERT INTO `rights` VALUES (397, 'LK5UdOOLx1', 'jgwGKSgYq0', 597, 506);
INSERT INTO `rights` VALUES (398, 'SQppi8uHoh', 'mtXgTI3TSV', 359, 777);
INSERT INTO `rights` VALUES (399, '946HeanRxq', 'Ok22bSsSke', 411, 835);
INSERT INTO `rights` VALUES (400, '2uULQO5ccg', 'SrQ2IE5sSj', 397, 391);
INSERT INTO `rights` VALUES (401, 'apfWrnQCiu', 'gFFlaPL2GG', 720, 180);
INSERT INTO `rights` VALUES (402, 'zSBD73mOTs', 'RQJkdyYsym', 143, 115);
INSERT INTO `rights` VALUES (403, 'CTjQIBc9AM', 'BUvKaAj1RD', 194, 370);
INSERT INTO `rights` VALUES (404, 'CfJrQEJDEM', 'YmhsyJwHLy', 1, 4);
INSERT INTO `rights` VALUES (405, 'Spe4riOiyV', 'hvm2wDFaGM', 704, 441);
INSERT INTO `rights` VALUES (406, 'D08o8Rz6r0', '3e3Y5hudMB', 436, 512);
INSERT INTO `rights` VALUES (407, 'pGte6Y0gAL', 'Qvz72EFSyX', 21, 214);
INSERT INTO `rights` VALUES (408, 'hwKm0xHCEa', 'V7rhUO86Z9', 540, 869);
INSERT INTO `rights` VALUES (409, 'q4JC8xXsBd', 'vUfBfWIxgI', 367, 887);
INSERT INTO `rights` VALUES (410, 'kxoqoUWfrz', 'yGnnhTAPv8', 641, 910);
INSERT INTO `rights` VALUES (411, 'ZLF97FBdA2', 'smfUbu2S7f', 996, 314);
INSERT INTO `rights` VALUES (412, 'DG5mBlRnVN', 'ICSZvQHAB1', 952, 495);
INSERT INTO `rights` VALUES (413, 'zIHasCIQyh', '0GpzSqolOJ', 410, 359);
INSERT INTO `rights` VALUES (414, 'woOs6yXY8a', 'a9RPZKEGL1', 634, 44);
INSERT INTO `rights` VALUES (415, 'Y7gvnX8BhO', 'TtHKONIraV', 312, 319);
INSERT INTO `rights` VALUES (416, 'ZLnCOz9fv2', '9kcJXGhE1W', 733, 848);
INSERT INTO `rights` VALUES (417, 'HoCEUjFYSy', 'Vvvq5ScQtS', 63, 803);
INSERT INTO `rights` VALUES (418, 'hY3jbrL7yP', 'zYVUkETYUW', 662, 465);
INSERT INTO `rights` VALUES (419, 'JfNeayguin', 'wGGzxdXkDQ', 117, 604);
INSERT INTO `rights` VALUES (420, 'Vm7gWJ9Ph3', 'bvqkBDhF1a', 302, 425);
INSERT INTO `rights` VALUES (421, '9O8Qk0TKro', 'kGE5Xuf3rD', 905, 308);
INSERT INTO `rights` VALUES (422, 'I4dZaXKvbG', 'PAbsBZLHKT', 643, 941);
INSERT INTO `rights` VALUES (423, 'h3Jbe4yZsa', 'c2qdLfcFNg', 313, 29);
INSERT INTO `rights` VALUES (424, 'pspwLCcR24', '0ELNqsfLno', 741, 883);
INSERT INTO `rights` VALUES (425, '6irdCacrcb', '834UmBJ0nC', 40, 818);
INSERT INTO `rights` VALUES (426, 'Ky4CqoJu61', 'nfIydxw8Jx', 306, 906);
INSERT INTO `rights` VALUES (427, 'ALqqOojQUb', '7sNmwrpFJO', 17, 152);
INSERT INTO `rights` VALUES (428, 'wgmCOk2Wg8', 'GaKuLSsPJ3', 682, 405);
INSERT INTO `rights` VALUES (429, 'LpQTPfs1wv', '0msHhFkhVQ', 671, 435);
INSERT INTO `rights` VALUES (430, 'hWJPPvtmTZ', 'oqt4YTLeF6', 385, 212);
INSERT INTO `rights` VALUES (431, 'pRGAv05fbM', 'vQNmADVWFK', 780, 10);
INSERT INTO `rights` VALUES (432, 'LGdW0dwOD8', 'g4XqO3A5yX', 411, 974);
INSERT INTO `rights` VALUES (433, 'xfgi13BCO2', 'cURHSQHdW4', 888, 573);
INSERT INTO `rights` VALUES (434, 'sneAjssVyc', 'G1o66SMyEz', 778, 730);
INSERT INTO `rights` VALUES (435, '84T7LVIX2p', 'Bq9R06O3YB', 180, 719);
INSERT INTO `rights` VALUES (436, 'BUk6keaxnZ', 'yoCf169qvs', 77, 177);
INSERT INTO `rights` VALUES (437, 'Jsuevr1Dlp', '59hjcV3x1C', 462, 651);
INSERT INTO `rights` VALUES (438, 'CDMLGuQPds', 'UdfEN0CV1K', 940, 920);
INSERT INTO `rights` VALUES (439, 'XpRUTnyHaN', 'XWsi2SSk4S', 993, 868);
INSERT INTO `rights` VALUES (440, 'wSHKAHH027', 'di1g5KaseL', 839, 491);
INSERT INTO `rights` VALUES (441, 'XEt6HJhR5J', 'TwujPyrotl', 527, 671);
INSERT INTO `rights` VALUES (442, '2wmZLrbD0l', 'I0tOYKPkxr', 608, 700);
INSERT INTO `rights` VALUES (443, 'wvhfnIdg05', 'vUrl7kp7gR', 211, 126);
INSERT INTO `rights` VALUES (444, 'FqKRov3HEC', 'PQg6KMmwl9', 927, 623);
INSERT INTO `rights` VALUES (445, 'xpB54tDhNq', 'qH5SH1yMto', 883, 900);
INSERT INTO `rights` VALUES (446, 'KrZPH88kBv', 'OhmFwOjWLf', 912, 137);
INSERT INTO `rights` VALUES (447, 'SYFpCpnOcp', '4ufznPEw8b', 634, 839);
INSERT INTO `rights` VALUES (448, 'wWy4XZlKwq', 'j4EvVHzvbC', 48, 973);
INSERT INTO `rights` VALUES (449, 'Fiksx2qk8f', '8aUKZfQVh9', 766, 812);
INSERT INTO `rights` VALUES (450, 'pHg5e7Ifj3', '0uIOdbCP5G', 96, 729);
INSERT INTO `rights` VALUES (451, 'OBmTojqtKw', 'xFr1FMP52S', 827, 73);
INSERT INTO `rights` VALUES (452, 'qDstrMm17H', 'HQ1oOr4h2c', 298, 817);
INSERT INTO `rights` VALUES (453, 'kph8w5dNTv', 'LI14uh9JDx', 714, 415);
INSERT INTO `rights` VALUES (454, 'as20xmsQak', 'hDoopDLoTu', 705, 911);
INSERT INTO `rights` VALUES (455, 'BLAYoh8NI5', '55kGsGYt3y', 817, 549);
INSERT INTO `rights` VALUES (456, 'gIe6bo7NJo', '1P25Xe2nzA', 798, 82);
INSERT INTO `rights` VALUES (457, 'Xdbk0Qr55C', '45BCyema1D', 646, 843);
INSERT INTO `rights` VALUES (458, '4uJsy2Opya', 'ODFJaRGIQG', 698, 615);
INSERT INTO `rights` VALUES (459, '6LnTvnoxBb', 'NZ5vZqL1z8', 38, 85);
INSERT INTO `rights` VALUES (460, 'SvnUp3iNw5', 'TWIrZNWXHJ', 216, 312);
INSERT INTO `rights` VALUES (461, 'uuSfZ0CMfY', 'gGBoXnDECK', 638, 178);
INSERT INTO `rights` VALUES (462, 'eIXnfiDSdS', 'erdKour2Kt', 537, 277);
INSERT INTO `rights` VALUES (463, 'Fpk3olJKlB', 'rLcMLuQqYD', 152, 528);
INSERT INTO `rights` VALUES (464, 'YaKfFXbvpZ', 'aypmpfmPN3', 979, 766);
INSERT INTO `rights` VALUES (465, 'QRrntaF7ii', '0RkgWw50CA', 140, 696);
INSERT INTO `rights` VALUES (466, 'KvjVNHmnYh', 'YlcKoOZb6N', 996, 598);
INSERT INTO `rights` VALUES (467, 'RmOkU9T7Jq', 'irmTeZoYjF', 527, 761);
INSERT INTO `rights` VALUES (468, '5OjvpybIdF', 'pCJgUqCKu3', 117, 725);
INSERT INTO `rights` VALUES (469, 'Ccd7CobenZ', 'nwy9peo8a2', 201, 618);
INSERT INTO `rights` VALUES (470, 'sbfW6JfdL2', 'YiC4GOyMEn', 647, 172);
INSERT INTO `rights` VALUES (471, 'WTjZU1FHZo', 'SsmMm64aNn', 50, 217);
INSERT INTO `rights` VALUES (472, '3AxQSqutF5', '3srPFQf8TJ', 661, 153);
INSERT INTO `rights` VALUES (473, 'vZfbt0oRhE', 'iKkvKLHOEs', 664, 977);
INSERT INTO `rights` VALUES (474, 'ZIvlrSqOQe', 'cJVUWPuxHm', 863, 771);
INSERT INTO `rights` VALUES (475, '4vUnMeLO0I', '6UCK3QM14u', 45, 192);
INSERT INTO `rights` VALUES (476, 'qONYMaP5lJ', 'nsMnH2AcAY', 844, 789);
INSERT INTO `rights` VALUES (477, 'aszBkzUxFx', 'kw8oq4fQA8', 367, 385);
INSERT INTO `rights` VALUES (478, 'MHp6qMQ0a4', 'eZ1T2LEFnQ', 685, 189);
INSERT INTO `rights` VALUES (479, 'SEktIgcMha', 'ulpUpSmYlW', 841, 938);
INSERT INTO `rights` VALUES (480, 'cgHPvY5Hdq', 'gd2wRDxbXu', 280, 246);
INSERT INTO `rights` VALUES (481, 'SGgAw8HZgt', 'rcOUfQyVZd', 395, 733);
INSERT INTO `rights` VALUES (482, '5iNKsFRH3r', '5c7wAaQ5As', 662, 25);
INSERT INTO `rights` VALUES (483, 'MHA7oAMVu6', 'yCsYcoOx7c', 327, 546);
INSERT INTO `rights` VALUES (484, 'hwoN2Vmi7v', 'ZqCFSvDtR6', 332, 603);
INSERT INTO `rights` VALUES (485, 'MLY3tCN4xl', 'ak0kdtQ440', 685, 706);
INSERT INTO `rights` VALUES (486, 'YXNO9F4pxj', 'NaOJeEZi7p', 183, 364);
INSERT INTO `rights` VALUES (487, 'qwmIqZoGhP', 'ycKcrxz9h2', 460, 63);
INSERT INTO `rights` VALUES (488, '4gMx4Usovb', '7CbYdpoY1B', 51, 207);
INSERT INTO `rights` VALUES (489, 'cEBNKjXs2w', 'RYqfIgArgg', 424, 731);
INSERT INTO `rights` VALUES (490, 'V5MnjXFRQQ', '3zpT1WxmsS', 371, 408);
INSERT INTO `rights` VALUES (491, 'nJyv3t4Qno', '08uRc402vs', 646, 730);
INSERT INTO `rights` VALUES (492, 'n42V4G0wfy', 'T0wlEx39nY', 780, 258);
INSERT INTO `rights` VALUES (493, '7f3uKh9XTV', 'Y3deNBZAKB', 654, 425);
INSERT INTO `rights` VALUES (494, '1BaYPkZa6V', 'Mpv64FnvtF', 972, 805);
INSERT INTO `rights` VALUES (495, 'KFG62H9kk0', 'VkMM61f3Y8', 143, 713);
INSERT INTO `rights` VALUES (496, 'DnTIxqVp4l', '7myCLe2jOg', 871, 413);
INSERT INTO `rights` VALUES (497, 'oKuoitUjDo', '0HNOfKEwtu', 56, 226);
INSERT INTO `rights` VALUES (498, '8Kew4QmfNP', 'JfzZxWmebS', 776, 352);
INSERT INTO `rights` VALUES (499, 'DO4qeBUfsC', 'YVIYSLQzES', 448, 135);
INSERT INTO `rights` VALUES (500, 'HPqKZdVzXY', 'pQOXFhL57c', 293, 279);
INSERT INTO `rights` VALUES (501, 'eRZUgffbG3', 'pPcIBQPflH', 974, 765);
INSERT INTO `rights` VALUES (502, 'GJgnKhTVOW', 'NdEgiGogX1', 179, 962);
INSERT INTO `rights` VALUES (503, 'EVcqPh0Fkq', 'WMROEN4IV6', 420, 874);
INSERT INTO `rights` VALUES (504, 'EJhALQgTLG', 'R1ZBbSHrl7', 892, 70);
INSERT INTO `rights` VALUES (505, 'AIO8LCQ3O9', 'pFg2xFz0k1', 549, 900);
INSERT INTO `rights` VALUES (506, 'Bl87XfOeCe', 'ucKN8Muxjo', 985, 163);
INSERT INTO `rights` VALUES (507, 'Wo8WCTdVLW', 'MywX0bJh5s', 516, 407);
INSERT INTO `rights` VALUES (508, 'ROYvwK8ADW', 'RR5ZYr9Ztj', 731, 492);
INSERT INTO `rights` VALUES (509, 'OXoCLjaOKb', 'SWm2ga6uhY', 338, 831);
INSERT INTO `rights` VALUES (510, 'vNfWRQOnon', 'QR71SOYNG9', 460, 781);
INSERT INTO `rights` VALUES (511, 'S9WEdob6BH', 'BBaSzO2TpM', 927, 624);
INSERT INTO `rights` VALUES (512, 'YevAeaTiR0', 'DVuUU4GFbQ', 68, 56);
INSERT INTO `rights` VALUES (513, 'EvQvqXFm2D', 'GzdOF34Niy', 235, 770);
INSERT INTO `rights` VALUES (514, 'jcIrSE3XBF', 'PHiRGVKaBV', 849, 115);
INSERT INTO `rights` VALUES (515, 'EnY6DJ0CjP', 'BvwPWRxJje', 602, 864);
INSERT INTO `rights` VALUES (516, 'duYy1MpwPK', 'WeByqTQ0di', 724, 579);
INSERT INTO `rights` VALUES (517, 'Y9KjP6Ze95', 'cUMp8jhnM3', 896, 181);
INSERT INTO `rights` VALUES (518, 'LnqpTuyemj', 'OvQZG9zsr3', 491, 530);
INSERT INTO `rights` VALUES (519, 'k3vGIcGsu4', 'NPN2KwjcXh', 123, 612);
INSERT INTO `rights` VALUES (520, 'uiZ76Mzcg0', 'r0Ai6KzaSm', 776, 670);
INSERT INTO `rights` VALUES (521, 'wQ1GB2tOpT', 'mmEpHlcNdz', 159, 50);
INSERT INTO `rights` VALUES (522, 'hjKnBOdnZZ', 'DukGWVTUie', 611, 54);
INSERT INTO `rights` VALUES (523, 'dS3ibPmAjO', 'c58OgBbm34', 286, 278);
INSERT INTO `rights` VALUES (524, 'MzbTXtX4Yp', 'yMS8m0uz1o', 44, 776);
INSERT INTO `rights` VALUES (525, 'EyAc5sJhcs', 'MbYnUVL0M9', 641, 848);
INSERT INTO `rights` VALUES (526, 'axXEznjNGJ', 'LrVp3z85z4', 240, 125);
INSERT INTO `rights` VALUES (527, 'aqrWZpcu6G', '1xw5e1Sg8G', 87, 364);
INSERT INTO `rights` VALUES (528, 'z0guA2mLsv', '9V724dBjPD', 839, 81);
INSERT INTO `rights` VALUES (529, 'HWnzxdAHGM', 'GfNAG7smPF', 534, 691);
INSERT INTO `rights` VALUES (530, '3UowNfDz6P', '4muuolsD68', 743, 136);
INSERT INTO `rights` VALUES (531, '2eyqhw4WUH', '8rgqjzUCz3', 702, 723);
INSERT INTO `rights` VALUES (532, 'bthCvBxkWt', 'SvEOTZD8Cd', 254, 130);
INSERT INTO `rights` VALUES (533, 'icBAuDkk8B', 'MPKDPsWBPf', 906, 196);
INSERT INTO `rights` VALUES (534, 'oy4YOTVhsr', 'TJDYcJbrSo', 66, 167);
INSERT INTO `rights` VALUES (535, 'kmw5jNeJCs', 'SzjMzqREv6', 746, 361);
INSERT INTO `rights` VALUES (536, 'fEtTycHcFu', 'UDfDFMquRY', 149, 763);
INSERT INTO `rights` VALUES (537, 'MnFkPElpku', 'qYDsThCYnM', 717, 51);
INSERT INTO `rights` VALUES (538, '1CvgS7KaND', 'FnKiEPgJ8f', 60, 119);
INSERT INTO `rights` VALUES (539, 'PAf0qPtXmm', '7PvCGf1P2r', 761, 802);
INSERT INTO `rights` VALUES (540, 'NHTSNv5biP', 'HyvcKcr9vd', 44, 384);
INSERT INTO `rights` VALUES (541, 'pn2jMWk3jh', 'egSHH3PzyM', 129, 347);
INSERT INTO `rights` VALUES (542, 'lDEf19PjVZ', 'WjT55bYvNU', 955, 885);
INSERT INTO `rights` VALUES (543, 'XhNJimS9bT', 'AqIWQAzf03', 63, 718);
INSERT INTO `rights` VALUES (544, 'rBw6tDFMbW', 'J2lA6BHITd', 889, 445);
INSERT INTO `rights` VALUES (545, 'O7ApD8x3EO', 'c8AWo0YIsC', 547, 839);
INSERT INTO `rights` VALUES (546, 'R0I74xHBe8', 'QXSXvIpWwS', 599, 416);
INSERT INTO `rights` VALUES (547, 'kgok6vIdR1', 'zYj8lWzuwI', 99, 845);
INSERT INTO `rights` VALUES (548, 'mEl8gR1Yhw', 'T5Q2yra0Td', 818, 914);
INSERT INTO `rights` VALUES (549, 'YkOyVjpxjT', 'iSjmUOkS6D', 63, 876);
INSERT INTO `rights` VALUES (550, '8moSNNxxwr', 'Zquw2dZpV2', 278, 745);
INSERT INTO `rights` VALUES (551, 'pcqmDz0Amt', 'F5caaa3cvK', 19, 769);
INSERT INTO `rights` VALUES (552, 's9eYrWVAcZ', '9wvSMPCsUF', 395, 10);
INSERT INTO `rights` VALUES (553, '9xQlUi65UK', '8Gmed7BAwr', 274, 953);
INSERT INTO `rights` VALUES (554, 'tXmmgQlVQI', '4AEjhiUSX9', 79, 599);
INSERT INTO `rights` VALUES (555, 'eZl8aT6zOU', 'lB3anDODOk', 695, 748);
INSERT INTO `rights` VALUES (556, 'QjGRMZyByB', 'dM6wSgMJTK', 885, 550);
INSERT INTO `rights` VALUES (557, 'PHbBJ23qiI', '7VnbPqXVfO', 501, 838);
INSERT INTO `rights` VALUES (558, 'rfI96dUM2x', '042CrP365x', 79, 549);
INSERT INTO `rights` VALUES (559, 'EkuuB7Dlkm', '29DDtAI9W0', 114, 868);
INSERT INTO `rights` VALUES (560, 'U5H2QKwBlL', '7mCI2MrTP3', 829, 452);
INSERT INTO `rights` VALUES (561, 'jETkzhehhc', 'cgUbXvVVir', 959, 504);
INSERT INTO `rights` VALUES (562, 'OdZFoNxM7T', '8sy4UrXSFD', 127, 21);
INSERT INTO `rights` VALUES (563, 'z8ncZ9yaJV', 'IwHYExEwXH', 440, 886);
INSERT INTO `rights` VALUES (564, 'KmulIl1mfY', 'ASbYxbrOuz', 416, 409);
INSERT INTO `rights` VALUES (565, '2BUXJ662XZ', 'V2l6JqUKmw', 538, 118);
INSERT INTO `rights` VALUES (566, 'Jh7pGA9NQK', 'YudrXCyPYA', 61, 946);
INSERT INTO `rights` VALUES (567, 'LCWyjSmT1U', 'ORwhGzcL2K', 175, 256);
INSERT INTO `rights` VALUES (568, '9z7VZJ0Otp', '8AwyBzVhgH', 833, 85);
INSERT INTO `rights` VALUES (569, 'qVK5LtoBAL', 'rkFCBQ8GUn', 499, 178);
INSERT INTO `rights` VALUES (570, 'HcMPBIq3AB', 'j3kar7e9Eq', 592, 441);
INSERT INTO `rights` VALUES (571, 'F8H9DdcUWT', 'DE9HGK1AEF', 696, 299);
INSERT INTO `rights` VALUES (572, 'y5gGbkdztI', 'S61oSpPhVS', 278, 899);
INSERT INTO `rights` VALUES (573, 'QCr9GrYOYK', 'CNP00Fm3xq', 923, 9);
INSERT INTO `rights` VALUES (574, 'Cg7OH7oLnv', 'HAMySFoMCX', 867, 744);
INSERT INTO `rights` VALUES (575, 'bRAQQDvQJi', 'cImz9JYTAT', 161, 111);
INSERT INTO `rights` VALUES (576, 'StqVJtyeIS', 'geZfbwgRZf', 150, 887);
INSERT INTO `rights` VALUES (577, 'M5Nk8seVop', 'UoqLIBvGOR', 332, 765);
INSERT INTO `rights` VALUES (578, 'nXMdQJ0Ex2', '51uWpJuEay', 973, 202);
INSERT INTO `rights` VALUES (579, 'B74wcm5a55', '2lwLAQ50yH', 234, 712);
INSERT INTO `rights` VALUES (580, '7AwHoEKq8H', 'LbWeFCNTo9', 215, 983);
INSERT INTO `rights` VALUES (581, 'ubQoYzFCdh', 'LqaaCN2kvI', 31, 577);
INSERT INTO `rights` VALUES (582, 'Bhb6WmsqyR', 'AoK5odrwfu', 803, 139);
INSERT INTO `rights` VALUES (583, 'm2HrSIZ5Ky', 'YFoET560ZY', 319, 267);
INSERT INTO `rights` VALUES (584, 'pJSF03paok', 'mVaWP0IznX', 195, 819);
INSERT INTO `rights` VALUES (585, 'VBDD0pvyNE', 'IBraZV0u6s', 541, 715);
INSERT INTO `rights` VALUES (586, 'fReyRRcMhh', '7nmseucsrD', 476, 137);
INSERT INTO `rights` VALUES (587, 'oodVU3js9r', 'othXYxRC3Q', 761, 305);
INSERT INTO `rights` VALUES (588, '6dNVqUhYKf', '8ktH3SaROo', 209, 783);
INSERT INTO `rights` VALUES (589, '0iVHQrpmsP', 'cjgO9CORV3', 215, 524);
INSERT INTO `rights` VALUES (590, 'CHsLhO2v2V', 'dRoTJ2GlXE', 739, 363);
INSERT INTO `rights` VALUES (591, 'ACKaazGBHs', '3tipyzWd6E', 271, 469);
INSERT INTO `rights` VALUES (592, 'n3ZD4Z2Xfb', 'puiGIQbtMc', 99, 330);
INSERT INTO `rights` VALUES (593, '5MpOomEApr', '7O882Tsauq', 558, 475);
INSERT INTO `rights` VALUES (594, 'ob8BprZNIz', 'G6Fs4jlNOd', 284, 932);
INSERT INTO `rights` VALUES (595, 'VGzQIxPks6', 'W7Fz3Rsfhe', 953, 203);
INSERT INTO `rights` VALUES (596, 'V8V7RuOKVA', 'EYVU0dyPpp', 52, 945);
INSERT INTO `rights` VALUES (597, 'tLAo9XrkU4', 'FSUJuWlv9o', 389, 696);
INSERT INTO `rights` VALUES (598, '1QVx4DTiNf', 'qJP1CApN1D', 11, 306);
INSERT INTO `rights` VALUES (599, 'F0yVn0s2Dd', 'aNmKnFx4vl', 89, 25);
INSERT INTO `rights` VALUES (600, 'Z19heieNKW', 'HGX346tn9x', 284, 108);
INSERT INTO `rights` VALUES (601, 'k1HIn1xsnG', '7n3GOyDDfI', 221, 317);
INSERT INTO `rights` VALUES (602, 'vr46n6kg1n', 'Y1k77nIDD3', 147, 205);
INSERT INTO `rights` VALUES (603, 'HkDcj0Whd9', 'OEovD56eKI', 287, 618);
INSERT INTO `rights` VALUES (604, 'EaveSFRS3a', 'hcVi35Bllw', 724, 644);
INSERT INTO `rights` VALUES (605, '8w3WzvMFPL', 'xY81tObSrJ', 374, 330);
INSERT INTO `rights` VALUES (606, 'oteKVRg1fv', 'XW8JMdcWVR', 193, 106);
INSERT INTO `rights` VALUES (607, 'nzy3WnnAy9', 'DIknKmAZ5O', 712, 890);
INSERT INTO `rights` VALUES (608, 'GbS75gvsbN', 'zXc547zYjp', 336, 118);
INSERT INTO `rights` VALUES (609, 'oOvjfqGeeH', '4MdvWaPWRb', 404, 760);
INSERT INTO `rights` VALUES (610, '9vYYZL88M2', 'SUMcBQ8m4K', 52, 273);
INSERT INTO `rights` VALUES (611, 'JMCzQEpyqp', 'iKelahYP10', 112, 237);
INSERT INTO `rights` VALUES (612, 'inNVFFLNOC', 'sOwec4fH2D', 938, 653);
INSERT INTO `rights` VALUES (613, 'NeLJ554xJ9', 'xhcV9gVkbP', 667, 33);
INSERT INTO `rights` VALUES (614, 'N3LF9DHpuS', 'zPxQe50sjq', 671, 669);
INSERT INTO `rights` VALUES (615, '2UJ7CJ6sRG', 'kJMjXDypVU', 257, 84);
INSERT INTO `rights` VALUES (616, '2Ml5bqNPJV', 'PcjD3Gp9AB', 52, 215);
INSERT INTO `rights` VALUES (617, 'dEFoX4ADqM', 'WG4ZiigUkF', 312, 660);
INSERT INTO `rights` VALUES (618, 'FHdgh00x2k', '0ctQr4jN2J', 158, 950);
INSERT INTO `rights` VALUES (619, 'KzDlZQlqAr', '3wAFsBZqFx', 954, 119);
INSERT INTO `rights` VALUES (620, '9aoRNfscH0', 'yQoYW8VtoH', 44, 514);
INSERT INTO `rights` VALUES (621, 'Ovwrr02AgB', 'uQEV8HdrD7', 128, 942);
INSERT INTO `rights` VALUES (622, '2EqmXap8Qs', 'DxnVRmV07v', 855, 810);
INSERT INTO `rights` VALUES (623, '5TVX01krpb', '95ovVbrMBJ', 517, 4);
INSERT INTO `rights` VALUES (624, '0PQWNiNit8', 's1vHebHEhv', 512, 412);
INSERT INTO `rights` VALUES (625, 'suv9O4rlJO', 'eVE7UlJh2Y', 654, 647);
INSERT INTO `rights` VALUES (626, 'vEiyqTSQAS', 'yJoEYCg7gr', 416, 386);
INSERT INTO `rights` VALUES (627, '20WM2HmVVW', 'yo1v5E3Ae1', 960, 868);
INSERT INTO `rights` VALUES (628, 'DIP2raUgFt', 'jngV1XZHza', 645, 152);
INSERT INTO `rights` VALUES (629, 'aPk3HIcsco', 'M4mTeFUT55', 353, 564);
INSERT INTO `rights` VALUES (630, 'MP3VKCQZyQ', 'mAGySm5r5I', 288, 22);
INSERT INTO `rights` VALUES (631, 'SL1mt8dr99', 'CtPI1kzHav', 122, 893);
INSERT INTO `rights` VALUES (632, 'g7q1AROwWz', 'aRDq5wTbmZ', 310, 25);
INSERT INTO `rights` VALUES (633, '41FdfhmBPh', 'VmywG2Z5Nd', 916, 949);
INSERT INTO `rights` VALUES (634, 'j5qiBDfFAh', 'cR9zw9phbI', 131, 565);
INSERT INTO `rights` VALUES (635, 'AUBcBW2NVz', 'YS1YlxPsEn', 928, 29);
INSERT INTO `rights` VALUES (636, 'sdRWPGZKbz', 'S7ndJRynAe', 752, 668);
INSERT INTO `rights` VALUES (637, '4OZSlfunwC', 'wKdpJ6jzz5', 358, 388);
INSERT INTO `rights` VALUES (638, 'D3o42fyRVW', 'IDUTkxJ7nS', 70, 554);
INSERT INTO `rights` VALUES (639, 'IxkMuI4wfc', 'WOqYb3J3HG', 97, 915);
INSERT INTO `rights` VALUES (640, 'zp0LtGCJEI', 'Pfqb1sjv8H', 70, 641);
INSERT INTO `rights` VALUES (641, 'Y5LloI8DqQ', 'uWUfrCGIDr', 85, 690);
INSERT INTO `rights` VALUES (642, 'mXJmXHfETY', 'SzP0m4fJLp', 314, 491);
INSERT INTO `rights` VALUES (643, '6qWsYl8yge', 'LUpBjNRxYI', 469, 106);
INSERT INTO `rights` VALUES (644, 'BolMCQ1zfo', 'EsC7Y8j4E6', 386, 86);
INSERT INTO `rights` VALUES (645, 'BdaJakpkUv', 'cxSmiosG6z', 997, 695);
INSERT INTO `rights` VALUES (646, 'Ah0Kc3A6Tl', 'Kbf5MlOqzK', 568, 28);
INSERT INTO `rights` VALUES (647, 'daGfhEqAm3', 'YOf9E7RRBF', 871, 576);
INSERT INTO `rights` VALUES (648, 'mXzohfyIQc', '3DLd4hWEpD', 47, 450);
INSERT INTO `rights` VALUES (649, 'a6ia69NLGp', 'YeGQPYw0vg', 980, 817);
INSERT INTO `rights` VALUES (650, '5slaQj0d2o', 'gq9ipps5qW', 962, 692);
INSERT INTO `rights` VALUES (651, '1FuNXlDYuE', 'apmkrVwt84', 63, 184);
INSERT INTO `rights` VALUES (652, 'uvvwgeDum0', 'KPx2P2Syjz', 779, 44);
INSERT INTO `rights` VALUES (653, '09EwwINjxF', 'mMHJFsFfvt', 460, 21);
INSERT INTO `rights` VALUES (654, 'oMSO5g5ZJB', 'kjiOFZfEko', 516, 834);
INSERT INTO `rights` VALUES (655, 'qG2S5BLRRE', 'Pl7dq6Z5ak', 235, 743);
INSERT INTO `rights` VALUES (656, 'bIb1U3pAM0', 'Ox9qN6AyOS', 911, 133);
INSERT INTO `rights` VALUES (657, 'NDE5u4wnQ0', 'wRy8MvY9Td', 173, 192);
INSERT INTO `rights` VALUES (658, 'pTI1a2NpdG', 'Qzm0sxYPsY', 418, 31);
INSERT INTO `rights` VALUES (659, 'ZfZj1XlaC8', 'QZc1DfhIzC', 585, 405);
INSERT INTO `rights` VALUES (660, 'uIH8VcEKXe', '8nr0I2o4x7', 924, 473);
INSERT INTO `rights` VALUES (661, 'XkP2xG0vu0', 'BWKKnUaphy', 769, 68);
INSERT INTO `rights` VALUES (662, 'Su33uWFNfo', 'p714USfq0Y', 401, 91);
INSERT INTO `rights` VALUES (663, 'Xlv2t1ffmn', 'bcd1MJUBqY', 817, 718);
INSERT INTO `rights` VALUES (664, 'vBms1REEpi', 'TojFjx9xoK', 332, 302);
INSERT INTO `rights` VALUES (665, 'cZ0E6qcTW4', 'AOWeObZzG1', 556, 295);
INSERT INTO `rights` VALUES (666, 'TelOTgOmGD', 'FRaTx7rpnJ', 555, 995);
INSERT INTO `rights` VALUES (667, 'aCXsu8yEt6', 'sXOftDXars', 359, 220);
INSERT INTO `rights` VALUES (668, '94iyOuJbfy', 'jSWl3PbKga', 882, 145);
INSERT INTO `rights` VALUES (669, '5kKUGeQQtv', 'p6bwUrXinr', 349, 963);
INSERT INTO `rights` VALUES (670, '781qjOWJ54', 'Spzoczqeke', 415, 331);
INSERT INTO `rights` VALUES (671, 'tl4pFS6YdR', 'KZXmPH46z2', 97, 391);
INSERT INTO `rights` VALUES (672, '6Oa9yEE42s', 'JYEOBoMlgk', 355, 939);
INSERT INTO `rights` VALUES (673, 'bGLwTwNqyc', 'gbtaCQgx4Q', 523, 408);
INSERT INTO `rights` VALUES (674, 'QKkCxutAX6', 'ZnGMqnIYAA', 788, 357);
INSERT INTO `rights` VALUES (675, 'XJ7qzvqtNK', 'YM78joFo1p', 875, 197);
INSERT INTO `rights` VALUES (676, 'qF9OOvISQX', 'BM3DWwWJYn', 309, 500);
INSERT INTO `rights` VALUES (677, 'OmuonG1hBy', 'aZyQXoGwT3', 979, 99);
INSERT INTO `rights` VALUES (678, 'YpdTgq5azv', 'dMEE2beRt2', 895, 428);
INSERT INTO `rights` VALUES (679, 'ko9UwnIB01', 'dUQAXVj5bD', 890, 182);
INSERT INTO `rights` VALUES (680, 'JfOZIb7XIN', 'kSII2SkaDo', 588, 97);
INSERT INTO `rights` VALUES (681, 'Im4EVEvhhm', 'RLhMm5ckAJ', 887, 9);
INSERT INTO `rights` VALUES (682, 'vIBGJtC9rv', '30CbrXIhdv', 738, 504);
INSERT INTO `rights` VALUES (683, 'sU6nyDKfkJ', 'niwjJ1jlAO', 309, 338);
INSERT INTO `rights` VALUES (684, 'BkxzMNBnaV', 'mf6QvmmL8n', 150, 257);
INSERT INTO `rights` VALUES (685, 'WHPR8WaTTl', 'TKGwjOhF9i', 316, 571);
INSERT INTO `rights` VALUES (686, 'XJOt2PzMJf', 'BPWiSWB068', 498, 476);
INSERT INTO `rights` VALUES (687, 'QiQ7JANtka', 'yEq08CpYob', 111, 609);
INSERT INTO `rights` VALUES (688, 'sCtg1s8FeN', 'xMND5Orng1', 286, 944);
INSERT INTO `rights` VALUES (689, 's9qL6jJCXh', '05WsQSeTE8', 139, 752);
INSERT INTO `rights` VALUES (690, 'OvCPZbZyZA', 'Nv70ewasAG', 726, 149);
INSERT INTO `rights` VALUES (691, 'CZCZzTEqfZ', 'J8nBf0ozp7', 56, 893);
INSERT INTO `rights` VALUES (692, 'md5erEoKPR', 'tzJWNHnz0Z', 394, 557);
INSERT INTO `rights` VALUES (693, 'rHMlbCkhAT', 'AVypZbuAvA', 964, 729);
INSERT INTO `rights` VALUES (694, 'p5wzBH2D5T', 'LMgfxilfG1', 988, 827);
INSERT INTO `rights` VALUES (695, 'jGp01O9pc8', 'gAs6bCkZwK', 420, 240);
INSERT INTO `rights` VALUES (696, 'dLgSP92nw2', 'TbdUSCSBCW', 142, 176);
INSERT INTO `rights` VALUES (697, 'UUUKlVgIZZ', 'jULGihHMdK', 969, 230);
INSERT INTO `rights` VALUES (698, 'IhPJ18L1g0', 'HKmxXwZM0u', 576, 402);
INSERT INTO `rights` VALUES (699, 'N7DNvn4OmT', 'FvvJUqfITX', 388, 204);
INSERT INTO `rights` VALUES (700, 'Jl3eZjUthY', 'WGdXTNlJRh', 327, 589);
INSERT INTO `rights` VALUES (701, 'JwmCslYmRY', 'kqH433VQQv', 330, 671);
INSERT INTO `rights` VALUES (702, 'd3E7jP1bQC', 'UB6pg6CtYD', 918, 924);
INSERT INTO `rights` VALUES (703, '04Y7BSOfSp', 'LRUFf71kkX', 773, 347);
INSERT INTO `rights` VALUES (704, 'nURjEcciO4', 'wFaAbA5SfJ', 148, 311);
INSERT INTO `rights` VALUES (705, '7FT6EQhIVb', 'XxHgRuFNRz', 203, 927);
INSERT INTO `rights` VALUES (706, 'wxHTK71KAW', 'kDkNseI0Jl', 505, 366);
INSERT INTO `rights` VALUES (707, 'ftdBEQxaxo', 'RoaTrYkA1s', 175, 891);
INSERT INTO `rights` VALUES (708, 'fmtPpJmmXV', 'IGROg5VlS8', 464, 104);
INSERT INTO `rights` VALUES (709, 'KSgrsHSiI5', 'v2HL2ai3WI', 180, 821);
INSERT INTO `rights` VALUES (710, 'tuDrTXP7uW', '3ctGNLeThe', 715, 678);
INSERT INTO `rights` VALUES (711, 'ge5WyqKeok', 'RDra85ZmrC', 661, 957);
INSERT INTO `rights` VALUES (712, 'aufATHG9Qs', 'upT4snlqTn', 800, 722);
INSERT INTO `rights` VALUES (713, 'w0sWjMeV9o', 'lFxn36z4WY', 375, 868);
INSERT INTO `rights` VALUES (714, 'xbQkr9d3cU', 'eabsgxhKVk', 92, 450);
INSERT INTO `rights` VALUES (715, '3GlkDAR2cK', 'IbiJ86rnLh', 400, 854);
INSERT INTO `rights` VALUES (716, 'dfOrvw1Qmy', 'VcwaGVqZkj', 804, 561);
INSERT INTO `rights` VALUES (717, '475SdGlkaV', 'yL8G4ZZadL', 690, 289);
INSERT INTO `rights` VALUES (718, 'TEcB66lCLo', 'rEvJ4iF6Nu', 460, 571);
INSERT INTO `rights` VALUES (719, 'XQwmdOZOjd', 'uYQoCRM40b', 501, 517);
INSERT INTO `rights` VALUES (720, 'aTwSHt7Mzu', 'G9zmyHnCAt', 185, 189);
INSERT INTO `rights` VALUES (721, '8IH5k8Cmoc', 'btDo5D9qIh', 299, 133);
INSERT INTO `rights` VALUES (722, 'TtBwy6ZdIH', 'UQ6TfxFCI0', 596, 927);
INSERT INTO `rights` VALUES (723, 'iAfcRTLJH6', 'pmU3COLx5l', 49, 424);
INSERT INTO `rights` VALUES (724, '36PxkurunB', 'AehGLhSkZA', 665, 611);
INSERT INTO `rights` VALUES (725, '6XA25avyIk', 'gXsHTBB84z', 246, 323);
INSERT INTO `rights` VALUES (726, 'lqsWJdPAyQ', 'WMY3gjCCev', 264, 944);
INSERT INTO `rights` VALUES (727, 'qJsFqGm0zp', 'BtHaBTRMIL', 856, 948);
INSERT INTO `rights` VALUES (728, 'ZAArsRWMcE', 'M6Uoc2ZEQq', 211, 479);
INSERT INTO `rights` VALUES (729, 'B2ebh8cIYN', 'JJaAX8c7fi', 94, 686);
INSERT INTO `rights` VALUES (730, 'fARJxWCHPN', 'KiNH6jHPwH', 381, 585);
INSERT INTO `rights` VALUES (731, 'aEXnWqJ3xO', 'DjAZLNmCTZ', 890, 217);
INSERT INTO `rights` VALUES (732, 'vRKkQ1IPfr', 'oWqCluZ5EP', 828, 497);
INSERT INTO `rights` VALUES (733, 'w86fXGsZGM', 'W7YKzc7Imf', 696, 179);
INSERT INTO `rights` VALUES (734, 'tZW2v6hqOs', '4NFn62PTlQ', 222, 325);
INSERT INTO `rights` VALUES (735, 'PqNbNFfAqx', 'xulgOsFaa9', 837, 826);
INSERT INTO `rights` VALUES (736, 'AAhfPaOGRu', 'vNYe2B8NKJ', 536, 739);
INSERT INTO `rights` VALUES (737, '0HxxPmMZRY', 'FlPseAW74v', 227, 600);
INSERT INTO `rights` VALUES (738, 'VfFuX8qznu', 'TcMfQ1ZQnC', 661, 827);
INSERT INTO `rights` VALUES (739, 'jTHGqcY7Kb', 'czl5iirVez', 177, 373);
INSERT INTO `rights` VALUES (740, 'Cj5jNzu70H', 'NKGLmQhLfh', 150, 917);
INSERT INTO `rights` VALUES (741, 'B8qy9JylcQ', 'kDIB2k8uZ1', 306, 560);
INSERT INTO `rights` VALUES (742, 'k7mSNS7w6O', 'In4vBBg8Zc', 553, 525);
INSERT INTO `rights` VALUES (743, 'QJQBVJeu61', 'AxREGOY6l7', 390, 83);
INSERT INTO `rights` VALUES (744, 'Qtu9926yYl', 'pF8sno7ATT', 961, 50);
INSERT INTO `rights` VALUES (745, 'HMqwkgOQIc', 'lAo3RylTJW', 190, 349);
INSERT INTO `rights` VALUES (746, 'd0x1M5ANXZ', 'M9pIlpPv72', 462, 726);
INSERT INTO `rights` VALUES (747, '8f5Y2makP3', 'pWSqxr5FDa', 665, 202);
INSERT INTO `rights` VALUES (748, '0F441o8PTM', 'AbEHwg7vtL', 665, 28);
INSERT INTO `rights` VALUES (749, 'ypMTEKEita', 'BT0gnlLiZC', 137, 621);
INSERT INTO `rights` VALUES (750, 'wg7YjtZiEE', 'mdiHpfnloA', 627, 351);
INSERT INTO `rights` VALUES (751, 'fPAaaVF4YI', 'OFBMkp15qH', 107, 913);
INSERT INTO `rights` VALUES (752, '2qQzPTLjlA', 'xOvw7LQU1j', 546, 552);
INSERT INTO `rights` VALUES (753, 'ETaMyIFvGP', 'HmKVg9DBEl', 673, 630);
INSERT INTO `rights` VALUES (754, '7ZcBB0J3p3', 'K1R6UfCjs2', 59, 15);
INSERT INTO `rights` VALUES (755, 'b3Vv3L4kro', 'HTm1Mw2srr', 66, 438);
INSERT INTO `rights` VALUES (756, 'brG6h5jobb', '6dV8qrU3Yl', 439, 350);
INSERT INTO `rights` VALUES (757, '6zY1M1Q89N', 'Czl0L3uYW3', 971, 105);
INSERT INTO `rights` VALUES (758, 'SFXr5apLZu', '58yMBM8IcM', 980, 677);
INSERT INTO `rights` VALUES (759, 'bOhwUBDYnY', '45rAQYxdf6', 356, 368);
INSERT INTO `rights` VALUES (760, 'uKkGtQlU0Q', 'ndyE7sWg2E', 637, 364);
INSERT INTO `rights` VALUES (761, 'nsMF9BI6Dq', 'K7dMZqFMUp', 22, 942);
INSERT INTO `rights` VALUES (762, 'KmhLnfRt9t', '3piVh0C07v', 671, 93);
INSERT INTO `rights` VALUES (763, 'XL2O9A2FGB', '03D12840CX', 904, 543);
INSERT INTO `rights` VALUES (764, 'S9AA7xZUa5', 'vTsVoiyhJs', 136, 394);
INSERT INTO `rights` VALUES (765, 'sNSQoljDmx', 'qd5KqAsUVX', 122, 471);
INSERT INTO `rights` VALUES (766, 'WDDFORCvNo', 'DQVMWceeo2', 857, 797);
INSERT INTO `rights` VALUES (767, 'QLyvtUC1Qe', '4ZnOvp1kRf', 93, 609);
INSERT INTO `rights` VALUES (768, 'L1N0i3sj08', '6Wy8IuwIsL', 461, 170);
INSERT INTO `rights` VALUES (769, '82NlV2C37Z', 'aMYxNUcmBw', 263, 313);
INSERT INTO `rights` VALUES (770, 'ohwzxXaxOU', 'KxFOzvWZU6', 362, 131);
INSERT INTO `rights` VALUES (771, '4oUMW6vmrF', 'iy8Q7PkD2v', 117, 205);
INSERT INTO `rights` VALUES (772, 'AbovocIBUM', 'JlLSX0eySc', 361, 671);
INSERT INTO `rights` VALUES (773, 'kvY2Fm20yz', 'oSAReFfG9A', 302, 806);
INSERT INTO `rights` VALUES (774, 'd96Rv3uqk3', 'C5BozPPQP6', 928, 972);
INSERT INTO `rights` VALUES (775, 'EJMDv6GVGt', 'YHlxNGidm0', 160, 84);
INSERT INTO `rights` VALUES (776, '7eD8sfq8WI', 'yzFO93uVYQ', 963, 795);
INSERT INTO `rights` VALUES (777, 'gJgG2IS5CE', 'wWe27rvuGy', 184, 205);
INSERT INTO `rights` VALUES (778, 'gGqXCBBfpA', 'Rh1yjiUloa', 807, 251);
INSERT INTO `rights` VALUES (779, 'qzjBH7xt8I', 'FTXfSJwHcj', 791, 110);
INSERT INTO `rights` VALUES (780, 'S38RWT65re', '0DZV2EvWix', 608, 601);
INSERT INTO `rights` VALUES (781, 'p13ypqLxlI', '4c6fP9XVy9', 942, 922);
INSERT INTO `rights` VALUES (782, 'PVHWjEoxVg', '6LRZKahO5k', 388, 116);
INSERT INTO `rights` VALUES (783, 'DlWM6XTPle', 'I7sv47RHTn', 559, 499);
INSERT INTO `rights` VALUES (784, 'k0ND4htKpF', 'ZIjzC9WtrF', 360, 812);
INSERT INTO `rights` VALUES (785, 'K7a0Zvks6e', 'vWdFmuACcf', 195, 204);
INSERT INTO `rights` VALUES (786, 'mhY0MFGv5Q', 'CtJQx4lnEu', 909, 231);
INSERT INTO `rights` VALUES (787, 'YNrDuIeGzv', 'qDTCkfrweL', 395, 691);
INSERT INTO `rights` VALUES (788, 'uBpYsKY6I4', 'qAe0eyB3uf', 990, 979);
INSERT INTO `rights` VALUES (789, 'et54dlx5RT', '9jOI5Pevk9', 772, 270);
INSERT INTO `rights` VALUES (790, 'W4ow7cUfCt', 'lquDywYL6s', 797, 730);
INSERT INTO `rights` VALUES (791, 'BME0fEapjv', 'nGgn5IuwKX', 725, 447);
INSERT INTO `rights` VALUES (792, 'Rz7yNB65N6', '5ne7IjEQFr', 636, 727);
INSERT INTO `rights` VALUES (793, 'rDo4HQwUUj', 'LbXCHDrc4q', 292, 554);
INSERT INTO `rights` VALUES (794, 'GgWdsctMMG', '4lVgVa2sPR', 209, 38);
INSERT INTO `rights` VALUES (795, '4q3Zi49qWQ', '7MgdVek6vC', 773, 781);
INSERT INTO `rights` VALUES (796, '24Ek5Z51Pj', 'OUmh4M5Thb', 849, 584);
INSERT INTO `rights` VALUES (797, 'YsGngnZcpS', 'kJs0zheSmr', 941, 502);
INSERT INTO `rights` VALUES (798, 'lWiZ5ZIwPA', '7YJhFgCnvz', 581, 579);
INSERT INTO `rights` VALUES (799, 'hF1ROECzM7', 'jK7V0J52pJ', 15, 586);
INSERT INTO `rights` VALUES (800, 'v3Idx0RpiF', 'ZzsZy7dawH', 789, 390);
INSERT INTO `rights` VALUES (801, 'JLqTX45KvD', 'ZfLZZhncBG', 372, 2);
INSERT INTO `rights` VALUES (802, 'xEy7HM23Xe', 'GkfSHSWyQm', 760, 424);
INSERT INTO `rights` VALUES (803, 'Me9TNeBCR6', 'RUDMEVr7Za', 520, 841);
INSERT INTO `rights` VALUES (804, 'u7q4gQFdkg', 'dGO08moRZa', 86, 755);
INSERT INTO `rights` VALUES (805, 'T7mdB0R6Km', 'yVmRj31PrH', 222, 881);
INSERT INTO `rights` VALUES (806, 'lFJT7stJsL', 'bWfiAvZ9Yb', 7, 78);
INSERT INTO `rights` VALUES (807, 'xnN77Xr5gJ', 'DW0nWems7A', 756, 894);
INSERT INTO `rights` VALUES (808, 'U6as8f86P7', 'd1yWNqs40e', 307, 41);
INSERT INTO `rights` VALUES (809, 'v7JSAXiZkA', 'UHY1umFoTX', 508, 761);
INSERT INTO `rights` VALUES (810, 'IfMzXUkhar', 'nYQ82GLl3c', 909, 123);
INSERT INTO `rights` VALUES (811, 'uyxo4IBwVY', 'ohiKm9WC3H', 203, 648);
INSERT INTO `rights` VALUES (812, 'YiwIrcAxRD', 'qiJa0KObr2', 327, 133);
INSERT INTO `rights` VALUES (813, 'mTqLmdhr4m', 'eCLvv67GpK', 445, 187);
INSERT INTO `rights` VALUES (814, 'LgSpClgFGm', 'izpgJ5Otxs', 186, 512);
INSERT INTO `rights` VALUES (815, '1uIPVO7zQL', 'C9jBIwmKi5', 363, 137);
INSERT INTO `rights` VALUES (816, 'H63iz6bwc8', 'zihNZ4cJWL', 510, 486);
INSERT INTO `rights` VALUES (817, 'xX4sksw8xf', 'fhH1a2IRlP', 378, 733);
INSERT INTO `rights` VALUES (818, 'JrkrBOTZSn', 'q7YKtSvPrn', 348, 761);
INSERT INTO `rights` VALUES (819, 'iUvM3w4Grz', '3dMAO0XuEh', 410, 414);
INSERT INTO `rights` VALUES (820, 't94PdvcxjB', 'x0A4Kw6Cyi', 652, 214);
INSERT INTO `rights` VALUES (821, 'lYSqukg0dV', '0S9Cal9KcA', 561, 782);
INSERT INTO `rights` VALUES (822, '5abqkkMyNK', '2GMJCsV4aP', 937, 641);
INSERT INTO `rights` VALUES (823, 'ArPLQI3Sqs', '63SZCBjLpM', 633, 127);
INSERT INTO `rights` VALUES (824, '8Inn3Rv3mq', 'k0HF1DIzIO', 943, 789);
INSERT INTO `rights` VALUES (825, '3KgnjY4L8c', 'tZtMtzgg3t', 369, 869);
INSERT INTO `rights` VALUES (826, 'JYo3zhTQ5k', '5W6nHf9lW9', 307, 126);
INSERT INTO `rights` VALUES (827, 'Rh8CSfZFIq', 'xJwRvX7vM5', 750, 374);
INSERT INTO `rights` VALUES (828, 'Bylw5RJKmE', '1DJLilz4YH', 319, 58);
INSERT INTO `rights` VALUES (829, 'q0DSDO96o6', 'h50Z6V303G', 68, 748);
INSERT INTO `rights` VALUES (830, 'xw4PvoxlHH', 'ss1VDtIi4K', 26, 970);
INSERT INTO `rights` VALUES (831, 'H4j1VyexFE', 'ppnJMfK0HT', 848, 955);
INSERT INTO `rights` VALUES (832, 'ssuur69145', 'AbYKi5Cikz', 846, 728);
INSERT INTO `rights` VALUES (833, 'jIRhLICfjc', 'U3xxQiiDF6', 937, 118);
INSERT INTO `rights` VALUES (834, 'e1Z0kfwW7y', 'msPHZLiTVQ', 414, 32);
INSERT INTO `rights` VALUES (835, '0rwJ9Xk4KX', 'lHI7596Uzn', 903, 769);
INSERT INTO `rights` VALUES (836, '4TjSED7ax7', 'fQatoOZiyJ', 146, 158);
INSERT INTO `rights` VALUES (837, 'ZPztImqv1w', 'jch79Ds7zM', 387, 167);
INSERT INTO `rights` VALUES (838, '7aD0zq89Pk', 'YlOLKGNKVr', 99, 627);
INSERT INTO `rights` VALUES (839, 'GiSfqXUDe0', 'Z0RMtORmAH', 655, 682);
INSERT INTO `rights` VALUES (840, 'ZG0bx0jlr6', '5UjT8iuWzA', 301, 121);
INSERT INTO `rights` VALUES (841, 'Xp119aaltS', 'gQUrskdBbw', 856, 898);
INSERT INTO `rights` VALUES (842, 'Rs0fj5lGrD', 'AKNH4vC4iG', 269, 654);
INSERT INTO `rights` VALUES (843, 'mnXkjVNTQf', 'BegIJwRZes', 997, 561);
INSERT INTO `rights` VALUES (844, '7Z1COWC17k', 'oTWhK4c8eC', 476, 636);
INSERT INTO `rights` VALUES (845, 'jxnXXIqh7Y', 'B5ZeU4uNSE', 189, 763);
INSERT INTO `rights` VALUES (846, 'YlD4eFOYow', 'F6OluBXRbA', 952, 885);
INSERT INTO `rights` VALUES (847, 'UHPVipgSzP', '2TG3qrBUIF', 53, 103);
INSERT INTO `rights` VALUES (848, 'TnzZGM8Ld1', 'Kr3SKl8IBM', 112, 861);
INSERT INTO `rights` VALUES (849, 'uXfgCA3bdr', 'gplW1wpYlP', 470, 661);
INSERT INTO `rights` VALUES (850, 'v4PUjD5QdD', 'hG9nFqfkIh', 273, 813);
INSERT INTO `rights` VALUES (851, 'uFh8T3Ve2c', 'JOUQtW2yHE', 912, 410);
INSERT INTO `rights` VALUES (852, 'RG2KMRJ1nr', 'zjZhbeIElK', 646, 838);
INSERT INTO `rights` VALUES (853, 'xNMGppek14', 'Isp3kX7Mqs', 22, 983);
INSERT INTO `rights` VALUES (854, '6AmQsXYYnI', 'hgSmdjTo1G', 104, 765);
INSERT INTO `rights` VALUES (855, 'EKPWV25f2S', '1cxBN5x5h9', 176, 983);
INSERT INTO `rights` VALUES (856, 'mHAfOyIp1F', 'yzJErZyNUU', 28, 965);
INSERT INTO `rights` VALUES (857, 'w7HFbHNy1P', 'Upt04MKhEQ', 296, 991);
INSERT INTO `rights` VALUES (858, 'WZkUgA39L2', 'F4bEVZZob7', 500, 14);
INSERT INTO `rights` VALUES (859, 'cWVeMziVKC', 'LDcdDwHN2n', 837, 94);
INSERT INTO `rights` VALUES (860, 'kqz5MY5mWr', 'TbCEQzJzTS', 31, 110);
INSERT INTO `rights` VALUES (861, '9Loh8zEDI4', 'Q4zoNy46ZN', 716, 741);
INSERT INTO `rights` VALUES (862, 'JKbVSYq7qb', 'xz5ZKFvW4B', 972, 230);
INSERT INTO `rights` VALUES (863, '3XQb41kzmS', 'B2efDrB2d6', 872, 492);
INSERT INTO `rights` VALUES (864, 'uNlAODylc3', 'J8cqfO2HO5', 605, 391);
INSERT INTO `rights` VALUES (865, 'RWskAs5mn2', 'oFHxvVMiHL', 593, 241);
INSERT INTO `rights` VALUES (866, 'vsb0uG3DAJ', 'U5PisergDV', 390, 900);
INSERT INTO `rights` VALUES (867, 'UeTL5PoXwY', 'dVbJBXPCj1', 744, 376);
INSERT INTO `rights` VALUES (868, 'XIs3WNxqSB', 'eP1e2Ce0SC', 757, 708);
INSERT INTO `rights` VALUES (869, 'BL7vuewfEA', 'zE2WFlxU6E', 143, 852);
INSERT INTO `rights` VALUES (870, 'HtX2JYcViX', 'AOD622zzq6', 683, 837);
INSERT INTO `rights` VALUES (871, '4NkeoD56Jd', 'h9Jk3hm8yP', 775, 342);
INSERT INTO `rights` VALUES (872, 'SvfO1DADnZ', 'coFqWLJcBU', 2, 84);
INSERT INTO `rights` VALUES (873, 'ytR3Ixbk1q', 'pBEm8M06g6', 186, 458);
INSERT INTO `rights` VALUES (874, '1uT7PCBjjE', 'P6Z7dlJLhi', 460, 137);
INSERT INTO `rights` VALUES (875, 'r0khzX41PU', 'F0FhAzKyQG', 576, 831);
INSERT INTO `rights` VALUES (876, 'OW3OlqDZ0K', 'kVWTlnQSOT', 553, 333);
INSERT INTO `rights` VALUES (877, 'ddhIUlvcXD', '6wS4OotQCa', 930, 693);
INSERT INTO `rights` VALUES (878, 'NJZQCVaKzP', 'gVAV4mOepR', 798, 113);
INSERT INTO `rights` VALUES (879, 'nFPFjSb1lN', '2LKp3o3oyK', 171, 399);
INSERT INTO `rights` VALUES (880, '9M0jpEqqSJ', 'ZBkyujMsSQ', 926, 146);
INSERT INTO `rights` VALUES (881, 'QFoAopwkez', 'TaXX4gdRSU', 967, 902);
INSERT INTO `rights` VALUES (882, 'v4UUZSkEO3', 'ruQRrPve1j', 978, 850);
INSERT INTO `rights` VALUES (883, 's5Ig5GnESH', 'BEepYwHF8x', 790, 795);
INSERT INTO `rights` VALUES (884, 'KsYor9Q9Pl', 'CrvLM8BjnZ', 772, 907);
INSERT INTO `rights` VALUES (885, 'rgz2AxR81t', 'TIdF32Ioiq', 391, 202);
INSERT INTO `rights` VALUES (886, 'd8Zdh1Df9e', '8yh3uSyIkl', 607, 887);
INSERT INTO `rights` VALUES (887, 'QRH5Bzi4Wu', 'hAlLjia5g1', 447, 768);
INSERT INTO `rights` VALUES (888, 'LClwPT8JNa', 'm3VZZLqMQ7', 362, 302);
INSERT INTO `rights` VALUES (889, 'sOkKQo6oIZ', 'Y2W2vDSJeh', 913, 971);
INSERT INTO `rights` VALUES (890, 'BWDymhCh9q', 'Ns6Q7zmsXE', 789, 110);
INSERT INTO `rights` VALUES (891, 'FXzgfFogcR', 'hPOqWQad6v', 214, 704);
INSERT INTO `rights` VALUES (892, 'MQ0DtBxTGK', 'x18nw8j4te', 273, 241);
INSERT INTO `rights` VALUES (893, '0uVgogJs1c', 'SyG6UpkYmF', 223, 885);
INSERT INTO `rights` VALUES (894, 'eX6fqNWSWq', 'blwO7ALL1T', 127, 492);
INSERT INTO `rights` VALUES (895, 'YlBdMUIx6V', '8S76EXkGOT', 482, 935);
INSERT INTO `rights` VALUES (896, 'uWrl3RAuT5', '3UhdLdb7T4', 27, 361);
INSERT INTO `rights` VALUES (897, 'CSXAD9jqyL', 'fNWDtOjydQ', 399, 262);
INSERT INTO `rights` VALUES (898, 'DB9sOH3GCl', 'kVTw84HzYm', 462, 399);
INSERT INTO `rights` VALUES (899, 'r6HGtcVmZy', 'qZlZ9BODAU', 122, 363);
INSERT INTO `rights` VALUES (900, 'bMhj4OCYli', 'dzSBZwDp2E', 877, 186);
INSERT INTO `rights` VALUES (901, 'YH8cw3QQGa', 'FpaXJohoSu', 141, 815);
INSERT INTO `rights` VALUES (902, 'WaqBQhN7aU', 'KDHEyA0MHW', 821, 570);
INSERT INTO `rights` VALUES (903, 'oESJLkajFa', '62rzTnrGqo', 208, 970);
INSERT INTO `rights` VALUES (904, 'khaAVdCUoH', 'NnZh7jFhME', 311, 9);
INSERT INTO `rights` VALUES (905, 'rjhE85hz5W', 'QEdU1WD00s', 786, 363);
INSERT INTO `rights` VALUES (906, 'gjrfqgJE8H', 'Yw0RbjGVFA', 220, 22);
INSERT INTO `rights` VALUES (907, 'WSA708J1Eo', 'eFBL3tNNBV', 16, 710);
INSERT INTO `rights` VALUES (908, '9PRjHzLf0H', 'Fmh18zPoJz', 176, 898);
INSERT INTO `rights` VALUES (909, '3na7FHbbUw', '9aSmWoh5T0', 410, 532);
INSERT INTO `rights` VALUES (910, 'ERwziS6xTS', 'DgZJsFialR', 837, 196);
INSERT INTO `rights` VALUES (911, 'sJDqPmcN4Z', 'z8zZ7KzF4h', 98, 244);
INSERT INTO `rights` VALUES (912, 'g0iXfkbgR9', '0xhewer7iY', 114, 568);
INSERT INTO `rights` VALUES (913, '7As0kmeNIS', 'MkMMW9npzg', 886, 370);
INSERT INTO `rights` VALUES (914, 'b0CzmzE72c', 'tC3Fc3yJcD', 426, 237);
INSERT INTO `rights` VALUES (915, 'WcE4xxDG5i', 'ZcFEiyE8qK', 631, 186);
INSERT INTO `rights` VALUES (916, 'c6Z7A9uVyT', '2B6ta65xwm', 421, 867);
INSERT INTO `rights` VALUES (917, 'vREl0Ow6uu', 'd2V3v0uDHR', 143, 282);
INSERT INTO `rights` VALUES (918, 'xyXwprqbjQ', '9nyatBMyeS', 105, 402);
INSERT INTO `rights` VALUES (919, 'lgZkN8u5DD', '9db2GnZblC', 697, 301);
INSERT INTO `rights` VALUES (920, 'dAefH3fy7R', 'DIldChN6GP', 655, 475);
INSERT INTO `rights` VALUES (921, 'dtLXzhjI7H', 'dkV3tT6TIA', 163, 837);
INSERT INTO `rights` VALUES (922, 'VG4Beo5zSr', '4BN6Y8KlqO', 765, 969);
INSERT INTO `rights` VALUES (923, '5F9AJoYDDP', 'xayBJYLFVr', 509, 924);
INSERT INTO `rights` VALUES (924, 'MRHpiuPhg7', 'klboCa6B7q', 886, 590);
INSERT INTO `rights` VALUES (925, 'J7fNoapWLK', 'TDdAkvStGO', 717, 628);
INSERT INTO `rights` VALUES (926, 'BIvUAscACl', 'Jo6vl4ZCUN', 541, 607);
INSERT INTO `rights` VALUES (927, 'I7hUnS3bO7', 'FE9OQyyhMR', 215, 361);
INSERT INTO `rights` VALUES (928, '7BZa7sIZd8', 'WhD58IQpY9', 812, 42);
INSERT INTO `rights` VALUES (929, 'roiEVvVCif', 'g3tuVAQU5w', 937, 139);
INSERT INTO `rights` VALUES (930, 'qYvqzrBcC4', 'A9t7J3axLL', 952, 88);
INSERT INTO `rights` VALUES (931, 'vMlwS8qa7C', 'Q2PoZmqubj', 787, 4);
INSERT INTO `rights` VALUES (932, 'Q2U9LcEwex', 'qd7qaZQvYC', 831, 797);
INSERT INTO `rights` VALUES (933, 'FkcFDKuoaN', 'Rhd1xjF1zr', 295, 843);
INSERT INTO `rights` VALUES (934, 'e8D9cEQ94N', 'fc9GVKHyxN', 500, 250);
INSERT INTO `rights` VALUES (935, 'ATVDK6dnpK', 'Z4ykJFL6Cv', 84, 727);
INSERT INTO `rights` VALUES (936, 'IYjiwTKBHq', 'U0S5YVAg4F', 78, 314);
INSERT INTO `rights` VALUES (937, '54wbW2qaBT', 'lRX3e4cLH9', 840, 895);
INSERT INTO `rights` VALUES (938, 'T7LAURN2cT', 'gSqKmahTiu', 863, 333);
INSERT INTO `rights` VALUES (939, 'jS7hwXl5lp', 'IZnoMDqlOt', 394, 0);
INSERT INTO `rights` VALUES (940, 'quLILQb7QS', 'yEzpxL5CTl', 824, 760);
INSERT INTO `rights` VALUES (941, 'C8nPBfcEHq', 'b364Jqhmwb', 608, 408);
INSERT INTO `rights` VALUES (942, 'u16qGmUevn', 'nQ1XB7TyXq', 195, 667);
INSERT INTO `rights` VALUES (943, 'DqTvl9lVXC', 'wPMcQLyPg1', 168, 892);
INSERT INTO `rights` VALUES (944, 'L1lMwuYPXA', 'hJk5twEuoT', 798, 433);
INSERT INTO `rights` VALUES (945, 'ElWRFZchOy', 'lNCZNDjc68', 778, 329);
INSERT INTO `rights` VALUES (946, 'RI00UEsP1o', 'pOKlrhaC4N', 289, 742);
INSERT INTO `rights` VALUES (947, 'HE9FIpgNvP', 'fMwEVhxtKF', 856, 491);
INSERT INTO `rights` VALUES (948, 'mf9H425F1s', 'Ay2wlptvaP', 806, 71);
INSERT INTO `rights` VALUES (949, 'ZkbZL5wPoi', 'Yi28ItCsOM', 957, 961);
INSERT INTO `rights` VALUES (950, 'uDRu1AWDpU', '2QgHQ6XBo9', 892, 338);
INSERT INTO `rights` VALUES (951, 'psB65vjHQb', 'rUm4iflBo5', 774, 287);
INSERT INTO `rights` VALUES (952, 'O5USd538P1', '63T4VFDgkN', 211, 853);
INSERT INTO `rights` VALUES (953, '5oVL64RtIw', 'iQpUgTyyxt', 236, 936);
INSERT INTO `rights` VALUES (954, '8A1ZS0P6yG', 'ThHBclVHyt', 457, 786);
INSERT INTO `rights` VALUES (955, 'ZtK4boZg1w', 'p8S8NiiaSQ', 894, 193);
INSERT INTO `rights` VALUES (956, '5n24LgYrSF', 'WRrMcDOxVW', 806, 238);
INSERT INTO `rights` VALUES (957, 'gwonnpalMO', 'x8mqNGkutI', 583, 258);
INSERT INTO `rights` VALUES (958, 'yX40glkWFy', '5d6U8Z8ZNw', 23, 525);
INSERT INTO `rights` VALUES (959, 'qSd46DdrF8', 'A0i7J28K9T', 617, 445);
INSERT INTO `rights` VALUES (960, 'lS7TGi5MS9', 'LiGFinAyFD', 157, 740);
INSERT INTO `rights` VALUES (961, 'UBQiXRVSeO', 'R8rQOCm32g', 484, 997);
INSERT INTO `rights` VALUES (962, 'MYp7WdsMMq', 'pZ3f8QZx0w', 800, 685);
INSERT INTO `rights` VALUES (963, 'F47OYcw9tA', 'PPSYtSTEni', 301, 590);
INSERT INTO `rights` VALUES (964, '93W65fVlnF', 'vvD7R9K3Lh', 401, 941);
INSERT INTO `rights` VALUES (965, '4EqsrRNVdC', 'AB9G9lAvaY', 755, 21);
INSERT INTO `rights` VALUES (966, '4nUSzRkqyC', 'DeOmISFcIS', 328, 750);
INSERT INTO `rights` VALUES (967, 'FAyFJRNFaV', 'TNs7vY3779', 761, 839);
INSERT INTO `rights` VALUES (968, 'wl8MYreFcH', 'J9GDCFvUiq', 946, 423);
INSERT INTO `rights` VALUES (969, 'ZyIb5BKRZu', 'jl5r1wSe6d', 976, 940);
INSERT INTO `rights` VALUES (970, 'bwECQMiZB9', 'JojJdJ6F4q', 153, 879);
INSERT INTO `rights` VALUES (971, 'do0k1KzDqL', 'YPmbOFJCt1', 7, 976);
INSERT INTO `rights` VALUES (972, 'b6oi1jck1J', 'f8RSRG4dTb', 993, 78);
INSERT INTO `rights` VALUES (973, '7MrOFpSRb7', 'FxJOpyumjj', 768, 798);
INSERT INTO `rights` VALUES (974, 'okSLDmWfrC', 'ZpeBGTQxaA', 135, 714);
INSERT INTO `rights` VALUES (975, '4aG0BTJm5p', 'KgcfiSPsS8', 963, 642);
INSERT INTO `rights` VALUES (976, '03oKHQciKE', 'RLPd15FHyg', 467, 978);
INSERT INTO `rights` VALUES (977, 'zYaZyJ40MS', 'NKvLlgGvH0', 742, 773);
INSERT INTO `rights` VALUES (978, 'WCXKhzBcoL', 'cqiB65k4ly', 952, 758);
INSERT INTO `rights` VALUES (979, 'wvc6QGrzUq', 'Gqi9zY86q0', 687, 238);
INSERT INTO `rights` VALUES (980, 'rnDb11OJtd', 'faQBwUHF8n', 485, 953);
INSERT INTO `rights` VALUES (981, 'egd0bu9QWB', 'opGhOGZ6ec', 35, 581);
INSERT INTO `rights` VALUES (982, 'R2k7D4E0hi', '10lmA65Xpr', 47, 187);
INSERT INTO `rights` VALUES (983, 'Wg924wZVqR', 'nLgus0ODgw', 894, 351);
INSERT INTO `rights` VALUES (984, 'V68ctBdwYQ', '4PES6JWFlg', 856, 244);
INSERT INTO `rights` VALUES (985, 'RaZVHT2ZxS', 'XPyv89BWqQ', 639, 688);
INSERT INTO `rights` VALUES (986, 'M38pWIbk7Z', '7gtIUpyxPB', 456, 100);
INSERT INTO `rights` VALUES (987, '5p3YFRMGjT', 'NpsI1RJ4sh', 325, 757);
INSERT INTO `rights` VALUES (988, '7BEa2TnAjn', 'OAQbisJEDa', 271, 174);
INSERT INTO `rights` VALUES (989, 'dFvCdTWOTU', 'u6rj9P46iW', 94, 147);
INSERT INTO `rights` VALUES (990, 'uMOiHlfAY9', 'KmvPoRzjOW', 941, 152);
INSERT INTO `rights` VALUES (991, 'amKiGfCrvP', 'EfiyP7NC5l', 497, 159);
INSERT INTO `rights` VALUES (992, 'l2VqLt7hKG', 'Jg4ZRo5onQ', 674, 370);
INSERT INTO `rights` VALUES (993, 'CvIJVls00C', 'QDYJY0tT99', 976, 487);
INSERT INTO `rights` VALUES (994, 'PomUmlG15k', '18HwCt2NeM', 220, 926);
INSERT INTO `rights` VALUES (995, 'sFfeXqceID', 'gaTDI6nCXF', 974, 73);
INSERT INTO `rights` VALUES (996, 'GkzIKD2lKw', 'xqZR6vjIkR', 513, 806);
INSERT INTO `rights` VALUES (997, 'yrDEEWiaWE', '4dkytZKyOg', 923, 883);
INSERT INTO `rights` VALUES (998, 'L3M7B6pzbk', 'ZqiCqrEyo6', 433, 465);
INSERT INTO `rights` VALUES (999, 'RTM27W5J4o', 'Mherw49og0', 825, 602);
INSERT INTO `rights` VALUES (1000, 'GwOS3iwA7y', 'WywYkTo9sJ', 178, 895);
INSERT INTO `rights` VALUES (1001, 'XfuoI6DfuP', '5qkg6IxFy2', 974, 642);
INSERT INTO `rights` VALUES (1002, 'LBozOBgHMk', '90tJW2GDlH', 335, 513);
INSERT INTO `rights` VALUES (1003, 'xaURbtfmFz', 'CQSCRgKSDj', 837, 540);
INSERT INTO `rights` VALUES (1004, 'PsjVk3zWvl', 'Vtzw2koiqm', 432, 197);
INSERT INTO `rights` VALUES (1005, 'HEUGHUVfVp', 'X5HDHZiDYn', 651, 923);
INSERT INTO `rights` VALUES (1006, 'ICP1fN865g', 'peB5soZAK9', 650, 381);
INSERT INTO `rights` VALUES (1007, 'N4egXrTrY2', 'CpyiK3usqM', 154, 422);
INSERT INTO `rights` VALUES (1008, 'xSmX1iCI5E', 'Bxits9oqLC', 201, 678);
INSERT INTO `rights` VALUES (1009, 'qL5fhhxnbS', 'ca3j43jY0T', 845, 753);
INSERT INTO `rights` VALUES (1010, '3mX4mRcEay', 'WO4SL019wg', 643, 999);
INSERT INTO `rights` VALUES (1011, 'IK4gNJWrCW', 'eCRun61qmL', 363, 101);
INSERT INTO `rights` VALUES (1012, 'Ri5zEsv0CD', 'kuvAiP5PbL', 982, 524);
INSERT INTO `rights` VALUES (1013, 'D01OHik3co', 'eto1LxFpB2', 468, 28);
INSERT INTO `rights` VALUES (1014, 'WrBfFwvgaW', 'BLFl7O4RTx', 222, 377);
INSERT INTO `rights` VALUES (1015, 'nTckpVTBZ7', '9pXbt1N1Ud', 649, 849);
INSERT INTO `rights` VALUES (1016, 'YIo2yx48tH', 'mdVCuj9WrH', 381, 599);
INSERT INTO `rights` VALUES (1017, 'TegSfPLT4O', 'UHltBbFLB4', 262, 973);
INSERT INTO `rights` VALUES (1018, '6zbXNMOwRk', 'vycuAgh536', 687, 478);
INSERT INTO `rights` VALUES (1019, 'zrRhBPE8no', 'SyRG8SK3Nh', 962, 412);
INSERT INTO `rights` VALUES (1020, 'vcxSmt4W7m', 'leNWQtQ0rC', 919, 582);
INSERT INTO `rights` VALUES (1021, '170jP0v6Q6', 'bAc8AW93ui', 157, 158);

-- ----------------------------
-- Table structure for roles
-- ----------------------------
DROP TABLE IF EXISTS `roles`;
CREATE TABLE `roles`  (
  `id` int NOT NULL,
  `roleName` varchar(50) CHARACTER SET utf8 COLLATE utf8_bin NULL DEFAULT NULL,
  `roleType` int NULL DEFAULT NULL,
  PRIMARY KEY (`id`) USING BTREE
) ENGINE = InnoDB CHARACTER SET = utf8 COLLATE = utf8_bin ROW_FORMAT = Dynamic;

-- ----------------------------
-- Records of roles
-- ----------------------------
INSERT INTO `roles` VALUES (0, '超级管理员', 0);
INSERT INTO `roles` VALUES (1, '管理员', 1);
INSERT INTO `roles` VALUES (2, '销售', 2);
INSERT INTO `roles` VALUES (3, '客户', 3);

-- ----------------------------
-- Table structure for roles_children
-- ----------------------------
DROP TABLE IF EXISTS `roles_children`;
CREATE TABLE `roles_children`  (
  `id` int NOT NULL,
  `childrenId` int NULL DEFAULT NULL,
  `roleId` int NULL DEFAULT NULL,
  PRIMARY KEY (`id`) USING BTREE
) ENGINE = InnoDB CHARACTER SET = utf8 COLLATE = utf8_bin ROW_FORMAT = Dynamic;

-- ----------------------------
-- Records of roles_children
-- ----------------------------
INSERT INTO `roles_children` VALUES (1, 3, 0);
INSERT INTO `roles_children` VALUES (2, 4, 0);
INSERT INTO `roles_children` VALUES (3, 5, 0);
INSERT INTO `roles_children` VALUES (4, 6, 0);
INSERT INTO `roles_children` VALUES (5, 7, 0);
INSERT INTO `roles_children` VALUES (6, 9, 0);
INSERT INTO `roles_children` VALUES (7, 10, 0);
INSERT INTO `roles_children` VALUES (8, 11, 0);
INSERT INTO `roles_children` VALUES (9, 12, 0);
INSERT INTO `roles_children` VALUES (10, 13, 0);
INSERT INTO `roles_children` VALUES (11, 14, 0);
INSERT INTO `roles_children` VALUES (12, 16, 0);
INSERT INTO `roles_children` VALUES (13, 17, 0);
INSERT INTO `roles_children` VALUES (14, 18, 0);
INSERT INTO `roles_children` VALUES (15, 19, 0);
INSERT INTO `roles_children` VALUES (16, 20, 0);
INSERT INTO `roles_children` VALUES (17, 22, 0);
INSERT INTO `roles_children` VALUES (18, 23, 0);
INSERT INTO `roles_children` VALUES (19, 3, 1);
INSERT INTO `roles_children` VALUES (20, 4, 1);
INSERT INTO `roles_children` VALUES (21, 5, 1);
INSERT INTO `roles_children` VALUES (22, 6, 1);
INSERT INTO `roles_children` VALUES (23, 7, 1);
INSERT INTO `roles_children` VALUES (24, 9, 1);
INSERT INTO `roles_children` VALUES (25, 10, 1);
INSERT INTO `roles_children` VALUES (26, 11, 1);
INSERT INTO `roles_children` VALUES (27, 12, 1);
INSERT INTO `roles_children` VALUES (28, 13, 1);
INSERT INTO `roles_children` VALUES (29, 14, 1);
INSERT INTO `roles_children` VALUES (30, 16, 1);
INSERT INTO `roles_children` VALUES (31, 17, 1);
INSERT INTO `roles_children` VALUES (32, 18, 1);
INSERT INTO `roles_children` VALUES (33, 19, 1);
INSERT INTO `roles_children` VALUES (34, 20, 1);
INSERT INTO `roles_children` VALUES (35, 22, 1);
INSERT INTO `roles_children` VALUES (36, 23, 1);
INSERT INTO `roles_children` VALUES (37, 5, 2);
INSERT INTO `roles_children` VALUES (38, 6, 2);
INSERT INTO `roles_children` VALUES (39, 7, 2);
INSERT INTO `roles_children` VALUES (40, 9, 2);
INSERT INTO `roles_children` VALUES (41, 10, 2);
INSERT INTO `roles_children` VALUES (42, 11, 2);
INSERT INTO `roles_children` VALUES (43, 12, 2);
INSERT INTO `roles_children` VALUES (44, 13, 2);
INSERT INTO `roles_children` VALUES (45, 14, 2);
INSERT INTO `roles_children` VALUES (46, 16, 2);
INSERT INTO `roles_children` VALUES (47, 17, 2);
INSERT INTO `roles_children` VALUES (48, 18, 2);
INSERT INTO `roles_children` VALUES (49, 19, 2);
INSERT INTO `roles_children` VALUES (50, 20, 2);
INSERT INTO `roles_children` VALUES (51, 22, 2);
INSERT INTO `roles_children` VALUES (52, 23, 2);
INSERT INTO `roles_children` VALUES (53, 5, 3);
INSERT INTO `roles_children` VALUES (54, 7, 3);
INSERT INTO `roles_children` VALUES (55, 9, 3);
INSERT INTO `roles_children` VALUES (56, 14, 3);
INSERT INTO `roles_children` VALUES (57, 16, 3);
INSERT INTO `roles_children` VALUES (58, 17, 3);
INSERT INTO `roles_children` VALUES (59, 18, 3);
INSERT INTO `roles_children` VALUES (60, 19, 3);
INSERT INTO `roles_children` VALUES (61, 20, 3);
INSERT INTO `roles_children` VALUES (62, 22, 3);
INSERT INTO `roles_children` VALUES (63, 23, 3);

-- ----------------------------
-- Table structure for roles_rights
-- ----------------------------
DROP TABLE IF EXISTS `roles_rights`;
CREATE TABLE `roles_rights`  (
  `id` int NOT NULL,
  `rightId` int NULL DEFAULT NULL,
  `roleId` int NULL DEFAULT NULL,
  PRIMARY KEY (`id`) USING BTREE
) ENGINE = InnoDB CHARACTER SET = utf8 COLLATE = utf8_bin ROW_FORMAT = Dynamic;

-- ----------------------------
-- Records of roles_rights
-- ----------------------------
INSERT INTO `roles_rights` VALUES (1, 1, 0);
INSERT INTO `roles_rights` VALUES (2, 2, 0);
INSERT INTO `roles_rights` VALUES (3, 8, 0);
INSERT INTO `roles_rights` VALUES (4, 15, 0);
INSERT INTO `roles_rights` VALUES (5, 21, 0);
INSERT INTO `roles_rights` VALUES (6, 1, 1);
INSERT INTO `roles_rights` VALUES (7, 2, 1);
INSERT INTO `roles_rights` VALUES (8, 8, 1);
INSERT INTO `roles_rights` VALUES (9, 15, 1);
INSERT INTO `roles_rights` VALUES (10, 21, 1);
INSERT INTO `roles_rights` VALUES (11, 1, 2);
INSERT INTO `roles_rights` VALUES (12, 2, 2);
INSERT INTO `roles_rights` VALUES (13, 8, 2);
INSERT INTO `roles_rights` VALUES (14, 15, 2);
INSERT INTO `roles_rights` VALUES (15, 21, 2);
INSERT INTO `roles_rights` VALUES (16, 1, 3);
INSERT INTO `roles_rights` VALUES (17, 2, 3);
INSERT INTO `roles_rights` VALUES (18, 8, 3);
INSERT INTO `roles_rights` VALUES (19, 15, 3);
INSERT INTO `roles_rights` VALUES (20, 21, 3);

-- ----------------------------
-- Table structure for users
-- ----------------------------
DROP TABLE IF EXISTS `users`;
CREATE TABLE `users`  (
  `id` int NOT NULL AUTO_INCREMENT,
  `username` varchar(30) CHARACTER SET utf8 COLLATE utf8_bin NOT NULL,
  `password` varchar(30) CHARACTER SET utf8 COLLATE utf8_bin NOT NULL,
  `roleId` int NOT NULL,
  `name` varchar(10) CHARACTER SET utf8 COLLATE utf8_bin NOT NULL,
  `phone` varchar(11) CHARACTER SET utf8 COLLATE utf8_bin NOT NULL,
  `block` tinyint NULL DEFAULT NULL,
  PRIMARY KEY (`id`, `username`, `password`, `roleId`, `name`, `phone`) USING BTREE
) ENGINE = InnoDB AUTO_INCREMENT = 4 CHARACTER SET = utf8 COLLATE = utf8_bin ROW_FORMAT = Dynamic;

-- ----------------------------
-- Records of users
-- ----------------------------
INSERT INTO `users` VALUES (1, 'admin', 'admin', 0, '本杰明', '7039833096', NULL);
INSERT INTO `users` VALUES (2, 'react0', '123', 1, '力达力', '1235855555', 0);

SET FOREIGN_KEY_CHECKS = 1;
